Pages les plus populaires,Clics,Impressions,CTR,Position
https://www.lacentrale.fr/,6430591,13543296,47.48%,4.09
https://www.lacentrale.fr/lacote_origine.php,1192739,12736641,9.36%,2.02
https://www.lacentrale.fr/occasion-voiture/regions.html,437071,8650865,5.05%,1.57
https://www.lacentrale.fr/occasion-voiture.html,210745,6340087,3.32%,2.1
https://www.lacentrale.fr/cote_inter.php,185697,3757702,4.94%,4.26
https://www.lacentrale.fr/fiche-technique-auto.php,105307,1088768,9.67%,7.76
https://www.lacentrale.fr/voiture-occasion-renault-clio-clio 4.html,63788,1000595,6.38%,7.87
https://www.lacentrale.fr/moto-occasion.php,61481,7603040,0.81%,3.22
https://www.lacentrale.fr/occasion-voiture-modele-peugeot-208.html,58103,1651907,3.52%,9.84
https://www.lacentrale.fr/le-rachat-express/conseils/histovec,56412,1683370,3.35%,7.1
https://www.lacentrale.fr/voiture-occasion-renault-clio-clio 5.html,51412,1071863,4.8%,9.33
https://www.lacentrale.fr/lacote_origine_moto.php,48293,2822982,1.71%,3.38
https://www.lacentrale.fr/occasion-voiture-modele-audi-a3.html,46782,1031312,4.54%,13.01
https://www.lacentrale.fr/utilitaire-occasion.php,46645,8397857,0.56%,2.63
https://www.lacentrale.fr/voiture-occasion-renault-clio-clio 3.html,45664,684546,6.67%,8.63
https://www.lacentrale.fr/occasion-voiture-modele-audi-rs3.html,41667,621377,6.71%,11.43
https://www.lacentrale.fr/occasion-voiture-modele-mercedes-classe a.html,40512,994628,4.07%,9.55
https://www.lacentrale.fr/voiture-occasion-volkswagen-golf-golf 7.html,39289,636575,6.17%,12.31
https://www.lacentrale.fr/voiture-occasion-automatique.html,39246,2005277,1.96%,5.83
https://www.lacentrale.fr/occasion-voiture-modele-toyota-yaris.html,38964,849515,4.59%,10.61
https://www.lacentrale.fr/voiture-occasion-petit-prix.html,38738,4090813,0.95%,3.25
https://www.lacentrale.fr/occasion-voiture-modele-porsche-macan.html,37797,512798,7.37%,9.07
https://www.lacentrale.fr/occasion-voiture-modele-peugeot-308.html,37469,1109586,3.38%,10.54
https://www.lacentrale.fr/occasion-voiture-modele-ford-mustang.html,36928,782039,4.72%,20.29
https://www.lacentrale.fr/le-rachat-express/conseils/estimation-voiture,36494,586038,6.23%,8.23
https://www.lacentrale.fr/occasion-voiture-modele-toyota-land cruiser.html,35594,501521,7.1%,17.2
https://www.lacentrale.fr/occasion-voiture-modele-porsche-911.html,32877,571464,5.75%,12.06
https://www.lacentrale.fr/occasion-voiture-modele-audi-a1.html,32667,691836,4.72%,8.9
https://www.lacentrale.fr/voiture-occasion-volkswagen-golf-golf 7 gti.html,31445,412461,7.62%,10.26
https://www.lacentrale.fr/occasion-voiture-marque-porsche.html,31354,1099860,2.85%,8.18
https://www.lacentrale.fr/occasion-voiture-modele-toyota-rav 4.html,31285,627404,4.99%,10.81
https://www.lacentrale.fr/occasion-voiture-modele-suzuki-jimny.html,31248,420943,7.42%,12.76
https://www.lacentrale.fr/voiture-occasion-volkswagen-golf-golf 7 r.html,31055,459621,6.76%,9.41
https://www.lacentrale.fr/voiture-occasion-renault-megane-megane 4 rs.html,31020,297562,10.42%,12.56
https://www.lacentrale.fr/voiture-occasion-renault-megane-megane 4.html,30502,493310,6.18%,7.41
https://www.lacentrale.fr/occasion-voiture-modele-peugeot-3008.html,30270,1057377,2.86%,13.92
https://www.lacentrale.fr/occasion-voiture-modele-porsche-cayenne.html,29965,488178,6.14%,8.89
https://www.lacentrale.fr/occasion-voiture-modele-dacia-duster.html,29391,885583,3.32%,12.14
https://www.lacentrale.fr/voiture-occasion-volkswagen-golf-golf 8.html,28917,569771,5.08%,7.84
https://www.lacentrale.fr/occasion-voiture-modele-toyota-hilux.html,28284,362905,7.79%,13.41
https://www.lacentrale.fr/occasion-voiture-modele-audi-rs6.html,27824,607086,4.58%,7.35
https://www.lacentrale.fr/occasion-voiture-modele-peugeot-2008.html,27715,797316,3.48%,8.36
https://www.lacentrale.fr/occasion-voiture-modele-bmw-serie 1.html,27227,611617,4.45%,8.04
https://www.lacentrale.fr/occasion-voiture-modele-nissan-gt_r.html,26504,483602,5.48%,15.24
https://www.lacentrale.fr/occasion-voiture-modele-toyota-corolla.html,26491,560732,4.72%,9.95
https://www.lacentrale.fr/occasion-voiture-marque-mini.html,25865,816141,3.17%,8.18
https://www.lacentrale.fr/occasion-voiture-modele-audi-q3.html,25693,491019,5.23%,7.76
https://www.lacentrale.fr/voiture-occasion-renault-clio-clio 4 rs.html,25303,288553,8.77%,7.02
https://www.lacentrale.fr/voiture-occasion-bmw-serie 3-serie 3 f80 m3.html,25182,367465,6.85%,6.39
https://www.lacentrale.fr/occasion-voiture-modele-volkswagen-polo.html,25063,732238,3.42%,7.85
https://www.lacentrale.fr/region/occasion-voiture-ile-de-france.html,24835,5051772,0.49%,2.49
https://www.lacentrale.fr/occasion-voiture-modele-mazda-mx5.html,24808,347014,7.15%,12.3
https://www.lacentrale.fr/occasion-voiture-modele-audi-s3.html,24533,225438,10.88%,5.6
https://www.lacentrale.fr/occasion-voiture-modele-volkswagen-t_roc.html,24449,576591,4.24%,9.48
https://www.lacentrale.fr/occasion-voiture-modele-audi-r8.html,24341,403839,6.03%,7.19
https://www.lacentrale.fr/occasion-voiture-modele-volkswagen-tiguan.html,24273,554536,4.38%,9.82
https://www.lacentrale.fr/occasion-voiture-modele-renault-captur.html,23900,632946,3.78%,10.21
https://www.lacentrale.fr/voiture-occasion-moins-5000-euros.html,23852,586256,4.07%,15.63
https://www.lacentrale.fr/occasion-voiture-modele-fiat-500.html,23806,695653,3.42%,10.6
https://www.lacentrale.fr/occasion-voiture-marque-mercedes.html,23111,2014078,1.15%,8.19
https://www.lacentrale.fr/occasion-voiture-modele-toyota-c_hr.html,23000,539481,4.26%,9.73
https://www.lacentrale.fr/occasion-voiture-modele-suzuki-swift.html,22258,354203,6.28%,8.35
https://www.lacentrale.fr/occasion-voiture-modele-land rover-defender.html,21950,330789,6.64%,7.13
https://www.lacentrale.fr/occasion-voiture-modele-citroen-c3.html,21506,926623,2.32%,9.63
https://www.lacentrale.fr/occasion-voiture-modele-mercedes-glc.html,21441,483865,4.43%,6.74
https://www.lacentrale.fr/voiture-occasion-volkswagen-golf-golf 8 r.html,21409,391677,5.47%,6.78
https://www.lacentrale.fr/occasion-voiture-modele-ford-puma.html,21408,493839,4.34%,15.33
https://www.lacentrale.fr/occasion-voiture-modele-mercedes-classe g.html,21372,557220,3.84%,6.79
https://www.lacentrale.fr/occasion-voiture-modele-toyota-gt86.html,21305,154376,13.8%,8.7
"https://www.lacentrale.fr/voiture-occasion-bmw-serie 2-serie 2 f87 coupe 
m2.html",20971,263189,7.97%,5.78
https://www.lacentrale.fr/occasion-voiture-modele-bmw-x1.html,20957,438659,4.78%,7.07
https://www.lacentrale.fr/voiture-occasion-suv_4x4.html,20927,484662,4.32%,18.83
https://www.lacentrale.fr/occasion-voiture-modele-mercedes-gla.html,20752,481400,4.31%,5.6
https://www.lacentrale.fr/occasion-voiture-modele-ford-ranger.html,20737,292108,7.1%,9.97
https://www.lacentrale.fr/voiture-occasion-volkswagen-golf-golf 8 gti.html,20724,308876,6.71%,6.16
https://www.lacentrale.fr/occasion-voiture-marque-aston martin.html,20560,1115525,1.84%,5.81
https://www.lacentrale.fr/occasion-voiture-marque-bmw.html,20517,1992814,1.03%,8.49
https://www.lacentrale.fr/occasion-voiture-modele-ds-ds 7 crossback.html,20345,371227,5.48%,8.7
https://www.lacentrale.fr/voiture-occasion-renault-r5-r5 turbo.html,20138,243765,8.26%,6.28
https://www.lacentrale.fr/occasion-voiture-modele-bmw-x5.html,20036,288567,6.94%,6.47
https://www.lacentrale.fr/occasion-voiture-modele-kia-sportage.html,19986,479126,4.17%,10.12
https://www.lacentrale.fr/occasion-voiture-marque-ferrari.html,19842,391456,5.07%,8.1
https://www.lacentrale.fr/occasion-voiture-modele-audi-tt.html,19777,190964,10.36%,6.25
https://www.lacentrale.fr/voiture-occasion-pick_up.html,19582,341764,5.73%,12.26
https://www.lacentrale.fr/voiture-occasion-volkswagen-golf-golf 6.html,19554,287400,6.8%,5.12
https://www.lacentrale.fr/occasion-voiture-modele-dodge-challenger.html,19015,289217,6.57%,8.25
https://www.lacentrale.fr/occasion-voiture-marque-land rover.html,18910,646744,2.92%,6.52
https://www.lacentrale.fr/voiture-occasion-porsche-911-911 type 997.html,18881,110790,17.04%,5.75
https://www.lacentrale.fr/occasion-voiture-modele-porsche-panamera.html,18686,238422,7.84%,6.69
https://www.lacentrale.fr/occasion-voiture-modele-nissan-qashqai.html,18597,522826,3.56%,9.59
https://www.lacentrale.fr/occasion-voiture-modele-hyundai-tucson.html,18435,460109,4.01%,9.51
https://www.lacentrale.fr/occasion-voiture-modele-mazda-3.html,18426,237904,7.75%,10.74
https://www.lacentrale.fr/occasion-voiture-modele-jeep-wrangler.html,18357,315196,5.82%,9.45
https://www.lacentrale.fr/occasion-voiture-modele-audi-q2.html,18258,279201,6.54%,5.75
https://www.lacentrale.fr/occasion-voiture-modele-bmw-x3.html,18140,356688,5.09%,6.26
https://www.lacentrale.fr/voiture-occasion-volkswagen-polo-polo 5.html,18082,263380,6.87%,4.53
https://www.lacentrale.fr/occasion-voiture-modele-audi-a4.html,17864,312536,5.72%,6.82
https://www.lacentrale.fr/occasion-voiture-modele-audi-q5.html,17730,323047,5.49%,5.77
https://www.lacentrale.fr/voiture-occasion-toyota-yaris-yaris 4 gr.html,17570,183759,9.56%,6.11
https://www.lacentrale.fr/occasion-voiture-modele-peugeot-5008.html,17513,543617,3.22%,8.87
https://www.lacentrale.fr/occasion-voiture-modele-dacia-sandero.html,17457,664062,2.63%,10.33
https://www.lacentrale.fr/occasion-voiture-modele-mercedes-classe c.html,17446,394528,4.42%,6.53
https://www.lacentrale.fr/voiture-occasion-peugeot-205-205 gti.html,17429,174831,9.97%,6.89
https://www.lacentrale.fr/voiture-occasion-bmw-serie 4-serie 4 f82 m4.html,17421,376290,4.63%,5.7
https://www.lacentrale.fr/voiture-occasion-porsche-macan-macan.html,17402,360234,4.83%,5.55
https://www.lacentrale.fr/occasion-voiture-modele-toyota-yaris cross.html,17334,240962,7.19%,9.24
https://www.lacentrale.fr/occasion-voiture-modele-audi-rs4.html,17243,205461,8.39%,5.76
https://www.lacentrale.fr/occasion-voiture-modele-ford-transit custom.html,16976,337581,5.03%,12.1
https://www.lacentrale.fr/occasion-voiture-modele-audi-a5.html,16727,235096,7.11%,6.92
https://www.lacentrale.fr/occasion-voiture-modele-bmw-serie 3.html,16665,302905,5.5%,6.76
https://www.lacentrale.fr/cote-voitures-peugeot----.html,16557,3004345,0.55%,1.87
https://www.lacentrale.fr/cote-voitures-renault----.html,16464,2936031,0.56%,1.98
https://www.lacentrale.fr/occasion-voiture-modele-volkswagen-golf.html,16420,468505,3.5%,7.6
https://www.lacentrale.fr/occasion-voiture-modele-renault-kangoo.html,16284,361286,4.51%,6.84
https://www.lacentrale.fr/voiture-occasion-voiture_sans_permis.html,16185,469705,3.45%,11.82
https://www.lacentrale.fr/occasion-voiture-modele-lamborghini-urus.html,16160,459743,3.52%,5.58
https://www.lacentrale.fr/voiture-occasion-volkswagen-golf-golf 4.html,16071,244051,6.59%,5.25
https://www.lacentrale.fr/occasion-voiture-modele-honda-civic.html,16032,292292,5.48%,9.44
https://www.lacentrale.fr/occasion-voiture-modele-renault-trafic.html,15944,288261,5.53%,7.13
"https://www.lacentrale.fr/voiture-occasion-mercedes-classe c-classe c 4 
coupe amg.html",15913,282080,5.64%,5.46
https://www.lacentrale.fr/occasion-voiture-marque-audi.html,15834,1832743,0.86%,6.62
https://www.lacentrale.fr/occasion-voiture-modele-jaguar-f_type.html,15771,155679,10.13%,8.13
https://www.lacentrale.fr/occasion-voiture-modele-renault-clio.html,15692,538382,2.91%,7.44
https://www.lacentrale.fr/occasion-voiture-modele-chevrolet-camaro.html,15618,281617,5.55%,6.73
https://www.lacentrale.fr/occasion-voiture-modele-alpine-a110.html,15525,324345,4.79%,7.41
https://www.lacentrale.fr/occasion-voiture-modele-citroen-berlingo.html,15452,353607,4.37%,7.1
https://www.lacentrale.fr/voiture-occasion-renault-clio-clio 2.html,15433,407818,3.78%,4.65
https://www.lacentrale.fr/occasion-voiture-modele-citroen-2cv.html,15351,248665,6.17%,6.63
https://www.lacentrale.fr/occasion-voiture-modele-alfa romeo-giulia.html,15336,258164,5.94%,8.97
https://www.lacentrale.fr/voiture-occasion-honda-civic-civic 10 type r.html,15286,177167,8.63%,7.43
https://www.lacentrale.fr/occasion-voiture-modele-mercedes-glc coupe.html,15222,197087,7.72%,7.16
https://www.lacentrale.fr/voiture-occasion-bmw-serie 5-serie 5 f90 m5.html,15170,312971,4.85%,5.89
https://www.lacentrale.fr/voiture-occasion-cupra-formentor-formentor.html,15103,296125,5.1%,5.31
https://www.lacentrale.fr/occasion-voiture-modele-nissan-350z.html,14917,132790,11.23%,6.33
https://www.lacentrale.fr/occasion-voiture-modele-bmw-x2.html,14914,247103,6.04%,5.53
https://www.lacentrale.fr/voiture-occasion-volkswagen-polo-polo 6.html,14907,263028,5.67%,6.39
https://www.lacentrale.fr/voiture-occasion-seat-leon-leon 3 cupra.html,14586,137767,10.59%,6.46
https://www.lacentrale.fr/occasion-voiture-modele-seat-ibiza.html,14562,308103,4.73%,6.27
https://www.lacentrale.fr/occasion-voiture-modele-mercedes-vito.html,14546,287362,5.06%,6.73
https://www.lacentrale.fr/occasion-voiture-modele-bmw-x6.html,14448,227842,6.34%,5.43
https://www.lacentrale.fr/voiture-occasion-porsche-911-911 type 991.html,14368,111872,12.84%,5.47
https://www.lacentrale.fr/occasion-voiture-marque-toyota.html,14203,1493833,0.95%,8.2
https://www.lacentrale.fr/voiture-occasion-volkswagen-golf-golf 5.html,13966,222623,6.27%,5.26
"https://www.lacentrale.fr/voiture-occasion-mercedes-classe a-classe a 3 
amg.html",13918,235705,5.9%,5.9
https://www.lacentrale.fr/occasion-voiture-modele-mercedes-classe e.html,13885,239947,5.79%,6.88
https://www.lacentrale.fr/occasion-voiture-modele-porsche-boxster.html,13859,114425,12.11%,5.54
https://www.lacentrale.fr/occasion-voiture-modele-nissan-370z.html,13828,120092,11.51%,6.29
https://www.lacentrale.fr/occasion-voiture-modele-mercedes-gle.html,13778,317555,4.34%,6.29
https://www.lacentrale.fr/le-rachat-express,13774,699676,1.97%,12.8
https://www.lacentrale.fr/occasion-voiture-modele-dodge-charger.html,13726,161836,8.48%,5.31
https://www.lacentrale.fr/occasion-voiture-marque-tesla.html,13592,331840,4.1%,8.47
https://www.lacentrale.fr/occasion-voiture-marque-lamborghini.html,13461,642931,2.09%,7.33
"https://www.lacentrale.fr/voiture-occasion-renault-megane-megane 3 coupe 
rs.html",13427,165621,8.11%,7
https://www.lacentrale.fr/occasion-voiture-modele-volvo-xc60.html,13386,205444,6.52%,5.52
https://www.lacentrale.fr/occasion-voiture-modele-volvo-xc40.html,13284,239502,5.55%,6.36
https://www.lacentrale.fr/occasion-voiture-modele-renault-twingo.html,13274,422698,3.14%,6.44
https://www.lacentrale.fr/occasion-voiture-modele-skoda-kodiaq.html,13262,231073,5.74%,6.27
https://www.lacentrale.fr/occasion-voiture-modele-porsche-cayman.html,13166,127876,10.3%,5.07
https://www.lacentrale.fr/occasion-voiture-modele-audi-rs q3.html,13165,179057,7.35%,6.06
https://www.lacentrale.fr/voiture-occasion-porsche-911-911 type 996.html,13087,108064,12.11%,5.5
https://www.lacentrale.fr/voiture-occasion-renault-twingo-twingo.html,12896,327430,3.94%,7.55
https://www.lacentrale.fr/occasion-voiture-modele-volkswagen-t_cross.html,12895,234518,5.5%,6.98
https://www.lacentrale.fr/voiture-occasion-renault-clio-clio 3 rs.html,12774,120481,10.6%,6.18
https://www.lacentrale.fr/occasion-voiture-marque-maserati.html,12748,328122,3.89%,5.97
https://www.lacentrale.fr/occasion-voiture-modele-ford-fiesta.html,12736,282384,4.51%,6.21
https://www.lacentrale.fr/occasion-voiture-modele-honda-cr_v.html,12687,207074,6.13%,12.14
https://www.lacentrale.fr/voiture-occasion-renault-clio-clio 2 v6 rs.html,12632,112987,11.18%,6.71
https://www.lacentrale.fr/voiture-occasion-ford-focus-focus 3 rs.html,12628,96988,13.02%,6.05
https://www.lacentrale.fr/occasion-voiture-modele-fiat-500 x.html,12556,206945,6.07%,6.43
https://www.lacentrale.fr/occasion-voiture-modele-mercedes-classe s.html,12488,195265,6.4%,7.92
https://www.lacentrale.fr/modif_accept.php,12438,24514,50.74%,3.56
https://www.lacentrale.fr/voiture-occasion-renault-twingo-twingo 3.html,12399,235265,5.27%,5.26
https://www.lacentrale.fr/occasion-voiture-modele-citroen-c4.html,12392,498605,2.49%,6.67
https://www.lacentrale.fr/occasion-voiture-modele-toyota-supra.html,12324,263987,4.67%,6.85
https://www.lacentrale.fr/occasion-voiture-modele-volvo-xc90.html,12304,221637,5.55%,5.79
https://www.lacentrale.fr/occasion-voiture-modele-ford-kuga.html,12216,301289,4.05%,8.93
https://www.lacentrale.fr/voiture-occasion-porsche-911-911 type 964.html,12203,107866,11.31%,6.34
https://www.lacentrale.fr/occasion-voiture-modele-cupra-leon.html,12193,238646,5.11%,7.67
https://www.lacentrale.fr/region/occasion-voiture-ile-de-france/paris-75.html,12162,620155,1.96%,6.6
"https://www.lacentrale.fr/voiture-occasion-mercedes-classe a-classe a 4 
amg.html",12158,245689,4.95%,6.86
https://www.lacentrale.fr/occasion-voiture-modele-bmw-z4.html,12132,139211,8.71%,6.45
https://www.lacentrale.fr/occasion-voiture-modele-bmw-x4.html,12055,170211,7.08%,5.85
https://www.lacentrale.fr/occasion-voiture-modele-audi-a6.html,12032,221354,5.44%,6.12
https://www.lacentrale.fr/voiture-occasion-7-places.html,12026,215603,5.58%,9.03
https://www.lacentrale.fr/occasion-voiture-modele-mercedes-cla.html,12024,335576,3.58%,6.25
"https://www.lacentrale.fr/voiture-occasion-bmw-serie 3-serie 3 e46 coupe 
m3.html",12012,110228,10.9%,5.75
https://www.lacentrale.fr/occasion-voiture-modele-skoda-fabia.html,11983,241051,4.97%,7.62
https://www.lacentrale.fr/voiture-occasion-bmw-serie 3-serie 3 e36.html,11980,161231,7.43%,4.92
"https://www.lacentrale.fr/voiture-occasion-alfa romeo-giulia-giulia 2 
quadrifoglio.html",11937,111444,10.71%,10.46
https://www.lacentrale.fr/occasion-voiture-modele-suzuki-vitara.html,11934,199600,5.98%,6.39
https://www.lacentrale.fr/occasion-voiture-modele-audi-q7.html,11842,187238,6.32%,5.91
https://www.lacentrale.fr/occasion-voiture-modele-peugeot-partner.html,11826,273916,4.32%,6.29
https://www.lacentrale.fr/occasion-voiture-modele-peugeot-508.html,11818,328748,3.59%,6.32
https://www.lacentrale.fr/voiture-occasion-bmw-serie 3-serie 3 e46.html,11812,196679,6.01%,5.19
https://www.lacentrale.fr/le-rachat-express/conseils/voiture-critair2-et-critair3,11806,439452,2.69%,9.2
https://www.lacentrale.fr/voiture-occasion-renault-twingo-twingo 2.html,11798,247407,4.77%,4.4
https://www.lacentrale.fr/voiture-occasion-bmw-serie 5-serie 5 e60 m5.html,11649,159772,7.29%,6.34
https://www.lacentrale.fr/voiture-occasion-volkswagen-polo-polo 6 gti.html,11632,136027,8.55%,6.28
https://www.lacentrale.fr/occasion-voiture-modele-bmw-serie 5.html,11545,177844,6.49%,6.79
https://www.lacentrale.fr/occasion-voiture-modele-volkswagen-touran.html,11235,217366,5.17%,6.47
https://www.lacentrale.fr/occasion-voiture-modele-citroen-ds3.html,11222,251142,4.47%,7.18
https://www.lacentrale.fr/occasion-voiture-modele-nissan-juke.html,11194,281813,3.97%,6.36
https://www.lacentrale.fr/occasion-voiture-modele-volkswagen-combi.html,11181,238716,4.68%,9.65
https://www.lacentrale.fr/lacote_origine_utilitaire.php,11163,2974474,0.38%,2.06
https://www.lacentrale.fr/occasion-voiture-modele-bmw-serie 4.html,11144,159541,6.99%,5.93
https://www.lacentrale.fr/occasion-voiture-modele-renault-r5.html,11107,285466,3.89%,8.96
https://www.lacentrale.fr/occasion-voiture-modele-mitsubishi-pajero.html,11074,112925,9.81%,5.33
https://www.lacentrale.fr/hybride/voiture-occasion-hybride.html,10964,1947084,0.56%,7.2
https://www.lacentrale.fr/occasion-voiture-modele-opel-corsa.html,10954,314879,3.48%,7.4
https://www.lacentrale.fr/occasion-voiture-modele-seat-leon.html,10760,204945,5.25%,6.23
https://www.lacentrale.fr/occasion-voiture-modele-hyundai-i20.html,10710,243485,4.4%,6.14
"https://www.lacentrale.fr/voiture-occasion-toyota-yaris cross-yaris 
cross.html",10703,395003,2.71%,6.38
https://www.lacentrale.fr/voiture-occasion-porsche-911-911 type 992.html,10667,89765,11.88%,6.54
https://www.lacentrale.fr/occasion-voiture-marque-rolls royce.html,10630,320030,3.32%,6.62
https://www.lacentrale.fr/occasion-voiture-modele-volkswagen-touareg.html,10543,175436,6.01%,6.25
https://www.lacentrale.fr/voiture-occasion-renault-megane-megane 3.html,10521,240923,4.37%,4.63
https://www.lacentrale.fr/occasion-voiture-modele-volkswagen-scirocco.html,10464,150061,6.97%,6.19
https://www.lacentrale.fr/occasion-voiture-marque-volkswagen.html,10309,1672827,0.62%,8.89
"https://www.lacentrale.fr/voiture-occasion-bmw-serie 1-serie 1 f21 m 3 
portes.html",10299,103855,9.92%,5.8
https://www.lacentrale.fr/voiture-occasion-renault-rafale-rafale.html,10189,197136,5.17%,9.71
https://www.lacentrale.fr/occasion-voiture-modele-toyota-aygo.html,10178,261554,3.89%,6.34
https://www.lacentrale.fr/occasion-voiture-marque-jaguar.html,10177,430877,2.36%,7.64
https://www.lacentrale.fr/occasion-voiture-modele-renault-r4.html,10156,249787,4.07%,7.38
https://www.lacentrale.fr/voiture-occasion-porsche-911-911 type 993.html,10128,77157,13.13%,7
https://www.lacentrale.fr/le-rachat-express/conseils/documents-vente-voiture,10111,691325,1.46%,10.77
https://www.lacentrale.fr/occasion-voiture-modele-citroen-mehari.html,10109,135700,7.45%,5.55
https://www.lacentrale.fr/voiture-occasion-fiat-panda-panda 3 4x4.html,10088,124206,8.12%,7.05
https://www.lacentrale.fr/occasion-voiture-marque-cupra.html,10085,400201,2.52%,7.39
https://www.lacentrale.fr/occasion-voiture-modele-ford-f150.html,10046,177742,5.65%,9.33
https://www.lacentrale.fr/occasion-voiture-modele-citroen-ds4.html,10043,194180,5.17%,8.71
"https://www.lacentrale.fr/voiture-occasion-chevrolet-corvette-corvette c7 
stingray targa.html",9985,75973,13.14%,5.27
https://www.lacentrale.fr/occasion-voiture-modele-abarth-500.html,9961,196600,5.07%,8.44
"https://www.lacentrale.fr/voiture-occasion-audi-q3-q3 (2e generation) 
sportback.html",9961,113644,8.77%,4.83
https://www.lacentrale.fr/occasion-voiture-modele-mitsubishi-l200.html,9953,101602,9.8%,5.87
https://www.lacentrale.fr/occasion-voiture-modele-peugeot-rifter.html,9950,181268,5.49%,7.43
"https://www.lacentrale.fr/voiture-occasion-bmw-serie 3-serie 3 e92 
coupe.html",9856,136889,7.2%,5.34
https://www.lacentrale.fr/voiture-occasion-renault-austral-austral.html,9818,236819,4.15%,8.91
https://www.lacentrale.fr/occasion-voiture-modele-toyota-celica.html,9765,104387,9.35%,7.53
https://www.lacentrale.fr/occasion-voiture-marque-lexus.html,9761,400969,2.43%,6.04
https://www.lacentrale.fr/voiture-occasion-moins-10000-euros.html,9727,159874,6.08%,9.58
"https://www.lacentrale.fr/voiture-occasion-toyota-corolla-corolla 12 
touring sports.html",9719,148107,6.56%,5.38
https://www.lacentrale.fr/occasion-voiture-modele-mercedes_amg-gt.html,9687,238767,4.06%,8.63
https://www.lacentrale.fr/occasion-voiture-modele-citroen-jumpy.html,9670,218884,4.42%,5.82
https://www.lacentrale.fr/occasion-voiture-marque-mclaren.html,9652,249609,3.87%,6.15
https://www.lacentrale.fr/occasion-voiture-modele-toyota-gr 86.html,9651,55805,17.29%,5.8
https://www.lacentrale.fr/occasion-voiture-modele-peugeot-expert.html,9648,228228,4.23%,7.31
https://www.lacentrale.fr/occasion-voiture-modele-honda-nsx.html,9640,91590,10.53%,7.3
https://www.lacentrale.fr/occasion-voiture-modele-audi-rs5.html,9621,111359,8.64%,5.23
https://www.lacentrale.fr/occasion-voiture-marque-kia.html,9616,509723,1.89%,8.86
https://www.lacentrale.fr/occasion-voiture-modele-volkswagen-transporter.html,9502,166719,5.7%,8.53
"https://www.lacentrale.fr/voiture-occasion-citroen-c5 aircross-c5 
aircross.html",9493,258954,3.67%,6.55
https://www.lacentrale.fr/occasion-voiture-modele-jaguar-xf.html,9480,96394,9.83%,7.67
"https://www.lacentrale.fr/voiture-occasion-peugeot-308-308 (2e generation) 
gti.html",9429,77279,12.2%,5.34
https://www.lacentrale.fr/voiture-occasion-suzuki-swift-swift 4 sport.html,9420,76034,12.39%,5.44
https://www.lacentrale.fr/occasion-voiture-modele-alfa romeo-giulietta.html,9416,163177,5.77%,5.55
https://www.lacentrale.fr/occasion-voiture-modele-dodge-ram.html,9413,220702,4.27%,7.24
https://www.lacentrale.fr/voiture-occasion-renault-clio-clio williams.html,9365,69186,13.54%,4.51
https://www.lacentrale.fr/occasion-moto-modele-yamaha-mt_07.html,9313,420943,2.21%,6.71
https://www.lacentrale.fr/occasion-voiture-modele-mazda-cx_5.html,9304,156236,5.96%,6.79
https://www.lacentrale.fr/occasion-voiture-modele-porsche-944.html,9299,76488,12.16%,5.35
https://www.lacentrale.fr/voiture-occasion-peugeot-208-208 gti.html,9291,97976,9.48%,8.04
https://www.lacentrale.fr/conseils/actualites/meilleurs-breaks-occasion,9267,117291,7.9%,8.16
"https://www.lacentrale.fr/voiture-occasion-porsche-911-911 type 992 gt3 
rs.html",9265,418864,2.21%,5.16
https://www.lacentrale.fr/occasion-voiture-modele-audi-s5.html,9234,77347,11.94%,6.75
"https://www.lacentrale.fr/occasion-voiture-modele-land rover-range rover 
evoque.html",9205,247709,3.72%,6.42
https://www.lacentrale.fr/voiture-occasion-ferrari-purosangue-purosangue.html,9169,207541,4.42%,6
https://www.lacentrale.fr/voiture-occasion-ford-focus-focus 3 st.html,9149,75913,12.05%,4.83
https://www.lacentrale.fr/utilitaire-occasion-moins-5000-euros.html,9145,126833,7.21%,7.54
https://www.lacentrale.fr/voiture-occasion-bmw-serie 3-serie 3 g20.html,9122,80669,11.31%,5.9
https://www.lacentrale.fr/occasion-voiture-marque-renault.html,9110,609796,1.49%,9.98
https://www.lacentrale.fr/occasion-voiture-modele-maserati-ghibli.html,9100,85730,10.61%,6.79
https://www.lacentrale.fr/occasion-voiture-modele-citroen-ami.html,9098,357979,2.54%,7.88
"https://www.lacentrale.fr/voiture-occasion-porsche-911-911 type 991 gt3 
rs.html",9076,248953,3.65%,7.48
https://www.lacentrale.fr/occasion-voiture-modele-ford-focus.html,9068,190045,4.77%,6.98
https://www.lacentrale.fr/occasion-voiture-modele-nissan-x_trail.html,9046,176843,5.12%,6.3
https://www.lacentrale.fr/le-rachat-express/conseils/plaque-immatriculation-voiture,9019,164889,5.47%,12.93
"https://www.lacentrale.fr/voiture-occasion-chevrolet-corvette-corvette 
c5.html",9012,63262,14.25%,4.64
https://www.lacentrale.fr/occasion-voiture-marque-mg.html,8995,322258,2.79%,7.04
https://www.lacentrale.fr/occasion-voiture-modele-audi-q8.html,8941,166509,5.37%,6.23
https://www.lacentrale.fr/voiture-occasion-porsche-panamera-panamera.html,8917,188467,4.73%,5.93
https://www.lacentrale.fr/occasion-voiture-modele-subaru-impreza.html,8909,119096,7.48%,6.69
https://www.lacentrale.fr/occasion-voiture-modele-seat-ateca.html,8880,157475,5.64%,6.39
https://www.lacentrale.fr/occasion-voiture-modele-audi-a7.html,8860,127629,6.94%,7.25
https://www.lacentrale.fr/occasion-voiture-modele-chevrolet-corvette.html,8852,200533,4.41%,6.73
https://www.lacentrale.fr/voiture-occasion-bmw-serie 3-serie 3 g80 m3.html,8780,172842,5.08%,6.51
https://www.lacentrale.fr/occasion-voiture-modele-renault-megane.html,8777,346703,2.53%,7.4
https://www.lacentrale.fr/occasion-voiture-modele-volkswagen-caddy.html,8770,179705,4.88%,7.49
https://www.lacentrale.fr/occasion-voiture-modele-fiat-panda.html,8710,220619,3.95%,7.46
"https://www.lacentrale.fr/occasion-voiture-modele-land rover-range rover 
sport.html",8685,151970,5.71%,6.51
https://www.lacentrale.fr/occasion-voiture-modele-peugeot-206.html,8638,276635,3.12%,6.98
https://www.lacentrale.fr/voiture-occasion-tesla-model y-model y.html,8627,666874,1.29%,9.35
https://www.lacentrale.fr/occasion-voiture-modele-opel-mokka.html,8615,239736,3.59%,7.76
"https://www.lacentrale.fr/voiture-occasion-bmw-serie 3-serie 3 e92 coupe 
m3.html",8577,107812,7.96%,6.61
https://www.lacentrale.fr/voiture-occasion-volkswagen-golf-golf 6 gti.html,8502,75203,11.31%,7.03
https://www.lacentrale.fr/voiture-occasion-renault-talisman-talisman.html,8495,143842,5.91%,7.86
https://www.lacentrale.fr/occasion-voiture-modele-nissan-patrol.html,8493,111555,7.61%,5.72
https://www.lacentrale.fr/occasion-voiture-marque-bentley.html,8483,196054,4.33%,6.35
"https://www.lacentrale.fr/occasion-voiture-modele-land rover-range rover 
velar.html",8424,134408,6.27%,6.08
https://www.lacentrale.fr/occasion-voiture-modele-mini-countryman.html,8416,221224,3.8%,7.61
https://www.lacentrale.fr/occasion-voiture-modele-kia-picanto.html,8400,236047,3.56%,6.56
https://www.lacentrale.fr/occasion-voiture-modele-jaguar-f_pace.html,8366,124211,6.74%,7.5
https://www.lacentrale.fr/occasion-voiture-modele-peugeot-207.html,8341,308589,2.7%,7.28
https://www.lacentrale.fr/occasion-voiture-modele-nissan-navara.html,8335,100824,8.27%,6.35
https://www.lacentrale.fr/occasion-voiture-modele-audi-sq5.html,8323,104230,7.99%,6.1
https://www.lacentrale.fr/occasion-voiture-modele-ac-cobra.html,8302,118857,6.98%,5.95
https://www.lacentrale.fr/occasion-voiture-modele-porsche-taycan.html,8296,86230,9.62%,9.16
https://www.lacentrale.fr/occasion-voiture-modele-hyundai-kona.html,8224,237460,3.46%,7.61
https://www.lacentrale.fr/electrique/voiture-occasion-electrique.html,8213,1424729,0.58%,5.18
https://www.lacentrale.fr/occasion-voiture-modele-volkswagen-coccinelle.html,8204,152841,5.37%,6.23
https://www.lacentrale.fr/voiture-occasion-peugeot-207-207.html,8203,305165,2.69%,4.65
https://www.lacentrale.fr/occasion-voiture-modele-skoda-kamiq.html,8170,224629,3.64%,7.26
https://www.lacentrale.fr/occasion-voiture-modele-peugeot-205.html,8169,227073,3.6%,6.36
https://www.lacentrale.fr/voiture-occasion-porsche-911-911 type 991 gt3.html,8162,93544,8.73%,7.42
https://www.lacentrale.fr/voiture-occasion-renault-twingo-twingo 2 rs.html,8155,69312,11.77%,6.2
https://www.lacentrale.fr/voiture-occasion-bmw-z3-z3.html,8152,71566,11.39%,6.07
https://www.lacentrale.fr/occasion-voiture-modele-lamborghini-aventador.html,8099,228206,3.55%,6.38
https://www.lacentrale.fr/occasion-voiture-modele-citroen-ds.html,8075,173259,4.66%,8.39
https://www.lacentrale.fr/voiture-occasion-citroen-c1-c1.html,8071,229855,3.51%,6.44
https://www.lacentrale.fr/vendre,8049,1268217,0.63%,5.89
https://www.lacentrale.fr/occasion-voiture-modele-kia-sorento.html,8028,132597,6.05%,6.44
https://www.lacentrale.fr/occasion-voiture-modele-lamborghini-gallardo.html,8017,89739,8.93%,6.1
https://www.lacentrale.fr/voiture-occasion-minibus.html,7998,135969,5.88%,10.05
https://www.lacentrale.fr/voiture-occasion-renault-arkana-arkana.html,7985,136217,5.86%,8.35
https://www.lacentrale.fr/occasion-voiture-modele-toyota-proace.html,7963,146751,5.43%,6.69
https://www.lacentrale.fr/occasion-voiture-modele-volkswagen-amarok.html,7954,96953,8.2%,7.39
https://www.lacentrale.fr/occasion-voiture-modele-tesla-model 3.html,7933,173485,4.57%,11.59
https://www.lacentrale.fr/voiture-occasion-ford-fiesta-fiesta 6 st.html,7917,71533,11.07%,6.73
https://www.lacentrale.fr/occasion-voiture-modele-ford-explorer.html,7901,152213,5.19%,7.94
https://www.lacentrale.fr/occasion-voiture-modele-audi-rs7.html,7893,202539,3.9%,5.94
https://www.lacentrale.fr/scooter-occasion-scooter.html,7841,141113,5.56%,15.95
https://www.lacentrale.fr/occasion-voiture-marque-subaru.html,7804,173196,4.51%,5.93
https://www.lacentrale.fr/occasion-voiture-modele-citroen-c4 picasso.html,7773,215126,3.61%,5.58
https://www.lacentrale.fr/occasion-voiture-modele-audi-s4.html,7763,84006,9.24%,5.43
https://www.lacentrale.fr/voiture-occasion-lamborghini-huracan-huracan.html,7731,182118,4.25%,5.93
https://www.lacentrale.fr/occasion-voiture-modele-mercedes-slk.html,7708,95331,8.09%,5.92
https://www.lacentrale.fr/occasion-voiture-modele-volkswagen-california.html,7705,126812,6.08%,11.6
https://www.lacentrale.fr/voiture-occasion-renault-scenic-scenic 4.html,7703,115953,6.64%,5.63
https://www.lacentrale.fr/occasion-voiture-modele-toyota-prius.html,7685,169113,4.54%,6.15
https://www.lacentrale.fr/occasion-voiture-marque-hyundai.html,7674,753425,1.02%,6.91
https://www.lacentrale.fr/occasion-voiture-modele-porsche-928.html,7602,58553,12.98%,6.97
https://www.lacentrale.fr/occasion-voiture-modele-toyota-auris.html,7592,150793,5.03%,5.15
"https://www.lacentrale.fr/voiture-occasion-porsche-911-911 type 991 
targa.html",7591,85616,8.87%,6.56
https://www.lacentrale.fr/voiture-occasion-toyota-yaris-yaris 3.html,7552,108276,6.97%,5.74
https://www.lacentrale.fr/occasion-voiture-modele-skoda-octavia.html,7545,165919,4.55%,5.87
https://www.lacentrale.fr/occasion-voiture-modele-audi-tt rs.html,7533,73719,10.22%,6.35
https://www.lacentrale.fr/occasion-voiture-modele-bmw-i8.html,7507,139895,5.37%,5.86
https://www.lacentrale.fr/occasion-voiture-marque-peugeot.html,7505,1300791,0.58%,9.69
https://www.lacentrale.fr/occasion-voiture-modele-citroen-c5.html,7499,178742,4.2%,6.44
https://www.lacentrale.fr/occasion-voiture-modele-mercedes-classe b.html,7489,189815,3.95%,6.2
https://www.lacentrale.fr/occasion-voiture-modele-maserati-granturismo.html,7480,80945,9.24%,8.01
https://www.lacentrale.fr/occasion-voiture-modele-ds-ds 3 crossback.html,7455,144924,5.14%,7.48
https://www.lacentrale.fr/voiture-occasion-bmw-serie 3-serie 3 f30.html,7400,122628,6.03%,6.99
https://www.lacentrale.fr/quad-occasion-quads.html,7394,102266,7.23%,12.66
"https://www.lacentrale.fr/voiture-occasion-mercedes-classe c-classe c 4 
coupe.html",7362,129549,5.68%,7.83
https://www.lacentrale.fr/occasion-voiture-modele-austin-mini.html,7362,117927,6.24%,6.6
https://www.lacentrale.fr/occasion-voiture-modele-mercedes-classe cls.html,7360,101742,7.23%,6.26
https://www.lacentrale.fr/occasion-voiture-modele-alfa romeo-stelvio.html,7359,161105,4.57%,8.43
https://www.lacentrale.fr/occasion-voiture-modele-honda-hr_v.html,7353,122902,5.98%,10.44
https://www.lacentrale.fr/voiture-dacia-occasion-4-x-4.html,7332,87105,8.42%,6.15
"https://www.lacentrale.fr/voiture-occasion-porsche-911-911 type 992 
turbo.html",7313,132856,5.5%,6.37
https://www.lacentrale.fr/occasion-voiture-modele-dacia-jogger.html,7311,125089,5.84%,7.75
"https://www.lacentrale.fr/voiture-occasion-bmw-serie 3-serie 3 e36 coupe 
m3.html",7289,68027,10.71%,5.39
"https://www.lacentrale.fr/voiture-occasion-porsche-911-911 type 991 
turbo.html",7280,83954,8.67%,8.92
https://www.lacentrale.fr/voiture-occasion-peugeot-206-206.html,7259,281623,2.58%,4.77
https://www.lacentrale.fr/occasion-voiture-modele-fiat-tipo.html,7259,178963,4.06%,7.54
"https://www.lacentrale.fr/voiture-occasion-bentley-continental-continental 
gt.html",7259,105306,6.89%,5.65
https://www.lacentrale.fr/occasion-voiture-marque-volvo.html,7250,343179,2.11%,7.48
"https://www.lacentrale.fr/voiture-occasion-bmw-serie 3-serie 3 e30 
coupe.html",7226,137564,5.25%,4.54
https://www.lacentrale.fr/occasion-voiture-modele-renault-zoe.html,7193,250052,2.88%,8.26
https://www.lacentrale.fr/occasion-voiture-modele-alpine-a310.html,7173,75036,9.56%,4.99
https://www.lacentrale.fr/voiture-occasion-volkswagen-golf-golf 5 r32.html,7155,73132,9.78%,6
https://www.lacentrale.fr/occasion-voiture-modele-peugeot-108.html,7127,171436,4.16%,6.51
https://www.lacentrale.fr/occasion-voiture-modele-renault-koleos.html,7119,111757,6.37%,5.44
https://www.lacentrale.fr/occasion-voiture-modele-peugeot-rcz.html,7113,122155,5.82%,6.84
https://www.lacentrale.fr/occasion-voiture-modele-mercedes-gle coupe.html,7077,104676,6.76%,7.21
"https://www.lacentrale.fr/occasion-voiture-modele-land rover-range 
rover.html",7076,220856,3.2%,10.05
https://www.lacentrale.fr/occasion-voiture-modele-mazda-cx_30.html,7074,116794,6.06%,7
https://www.lacentrale.fr/occasion-voiture-modele-skoda-karoq.html,7073,130608,5.42%,6.95
https://www.lacentrale.fr/voiture-occasion-bmw-serie 5-serie 5 f10 m5.html,7071,93592,7.56%,7.9
https://www.lacentrale.fr/occasion-voiture-modele-kia-rio.html,7048,128857,5.47%,5.88
https://www.lacentrale.fr/voiture-occasion-porsche-911-911 type 930.html,7025,55889,12.57%,6.6
https://www.lacentrale.fr/voiture-occasion-porsche-911-911 type 992 gt3.html,7018,124971,5.62%,6.16
https://www.lacentrale.fr/voiture-occasion-porsche-911-911 type 911.html,7016,78190,8.97%,7.65
"https://www.lacentrale.fr/voiture-occasion-bmw-serie 3-serie 3 f31 
touring.html",7004,102796,6.81%,5.69
https://www.lacentrale.fr/voiture-occasion-fourgon_moins_3_5_t.html,6982,146169,4.78%,15.8
https://www.lacentrale.fr/occasion-voiture-modele-jaguar-type e.html,6969,95845,7.27%,4.85
https://www.lacentrale.fr/occasion-voiture-modele-dodge-viper.html,6924,109067,6.35%,6.34
https://www.lacentrale.fr/occasion-voiture-modele-mercedes-classe v.html,6862,146155,4.7%,7.46
https://www.lacentrale.fr/occasion-voiture-modele-jeep-grand cherokee.html,6859,110393,6.21%,7.63
https://www.lacentrale.fr/occasion-voiture-marque-jeep.html,6848,359775,1.9%,7.85
https://www.lacentrale.fr/voiture-occasion-bmw-serie 5-serie 5 e60.html,6847,117765,5.81%,6.66
https://www.lacentrale.fr/region/occasion-voiture-occitanie/haute-garonne-31/toulouse.html,6838,982061,0.7%,3.08
https://www.lacentrale.fr/occasion-voiture-modele-bentley-continental.html,6818,123650,5.51%,7.18
"https://www.lacentrale.fr/voiture-occasion-chevrolet-corvette-corvette c8 
stingray targa.html",6813,87215,7.81%,5.42
"https://www.lacentrale.fr/voiture-occasion-chevrolet-corvette-corvette 
c6.html",6812,63435,10.74%,6.26
https://www.lacentrale.fr/occasion-voiture-modele-bmw-serie 7.html,6808,115329,5.9%,7.72
https://www.lacentrale.fr/voiture-occasion-bmw-serie 3-serie 3 e90.html,6806,140717,4.84%,6.37
https://www.lacentrale.fr/occasion-voiture-modele-ferrari-f430.html,6805,78710,8.65%,6.68
https://www.lacentrale.fr/occasion-voiture-modele-hyundai-i30.html,6788,131259,5.17%,5.76
https://www.lacentrale.fr/occasion-voiture-modele-renault-scenic.html,6762,254152,2.66%,6.44
"https://www.lacentrale.fr/voiture-occasion-land rover-range rover 
evoque-range rover evoque.html",6752,138438,4.88%,7.71
https://www.lacentrale.fr/voiture-occasion-ferrari-458-458 italia.html,6723,94954,7.08%,6.59
https://www.lacentrale.fr/voiture-occasion-renault-clio-clio 2 rs.html,6717,68527,9.8%,5.41
https://www.lacentrale.fr/occasion-voiture-modele-peugeot-306.html,6699,180615,3.71%,5.47
https://www.lacentrale.fr/occasion-voiture-modele-maserati-levante.html,6697,103716,6.46%,7.69
https://www.lacentrale.fr/voiture-occasion-tesla-model 3-model 3.html,6655,333672,1.99%,7.64
"https://www.lacentrale.fr/voiture-occasion-porsche-911-911 type 991 gt2 
rs.html",6626,76094,8.71%,4.72
"https://www.lacentrale.fr/voiture-occasion-bmw-serie 2-serie 2 f22 
coupe.html",6619,81129,8.16%,5.99
https://www.lacentrale.fr/voiture-occasion-audi-a1-a1 sportback.html,6612,169372,3.9%,7.6
https://www.lacentrale.fr/occasion-moto-marque-harley davidson.html,6578,254047,2.59%,7.49
https://www.lacentrale.fr/occasion-voiture-marque-smart.html,6577,292323,2.25%,6.71
https://www.lacentrale.fr/occasion-voiture-modele-audi-a8.html,6566,97580,6.73%,7.66
https://www.lacentrale.fr/occasion-voiture-modele-honda-s2000.html,6565,55988,11.73%,5.68
https://www.lacentrale.fr/voiture-occasion/hybride/modele-toyota-yaris.html,6563,224138,2.93%,7.19
https://www.lacentrale.fr/occasion-voiture-modele-isuzu-d_max.html,6553,108764,6.02%,6.89
https://www.lacentrale.fr/voiture-occasion-lexus-lbx-lbx.html,6550,119023,5.5%,6.02
https://www.lacentrale.fr/occasion-voiture-marque-skoda.html,6541,456275,1.43%,8.06
https://www.lacentrale.fr/voiture-occasion-mini-mini-mini 3 jcw 3p.html,6541,78270,8.36%,5.76
https://www.lacentrale.fr/occasion-voiture-modele-audi-rs q8.html,6497,177122,3.67%,5.35
"https://www.lacentrale.fr/voiture-occasion-dacia-sandero-sandero 2 
stepway.html",6493,96719,6.71%,7.07
https://www.lacentrale.fr/occasion-voiture-modele-mercedes-glb.html,6473,106921,6.05%,7.05
https://www.lacentrale.fr/occasion-voiture-modele-citroen-c3 aircross.html,6459,305520,2.11%,8.19
https://www.lacentrale.fr/occasion-voiture-modele-volkswagen-passat.html,6448,151022,4.27%,6.43
https://www.lacentrale.fr/occasion-voiture-modele-ferrari-testarossa.html,6434,71801,8.96%,5.69
https://www.lacentrale.fr/occasion-voiture-modele-aston martin-vantage.html,6433,143159,4.49%,6.97
https://www.lacentrale.fr/occasion-voiture-modele-porsche-356.html,6430,84725,7.59%,7.27
https://www.lacentrale.fr/occasion-voiture-modele-maserati-quattroporte.html,6422,63491,10.11%,8.52
https://www.lacentrale.fr/region/occasion-voiture-auvergne-rhone-alpes/rhone-69/lyon.html,6413,899920,0.71%,3.02
https://www.lacentrale.fr/voiture-occasion-kia-stinger-stinger.html,6358,67660,9.4%,6.95
https://www.lacentrale.fr/occasion-moto-modele-bmw-r 1250 gs.html,6357,181923,3.49%,8.27
https://www.lacentrale.fr/voiture-occasion-volkswagen-golf-golf 6 r.html,6351,73758,8.61%,8
https://www.lacentrale.fr/occasion-voiture-modele-renault-kadjar.html,6336,113859,5.56%,7.52
https://www.lacentrale.fr/occasion-voiture-modele-toyota-camry.html,6334,101950,6.21%,5.46
https://www.lacentrale.fr/occasion-voiture-modele-kia-niro.html,6333,155441,4.07%,7.42
https://www.lacentrale.fr/occasion-voiture-marque-alpine.html,6322,143084,4.42%,7.44
https://www.lacentrale.fr/occasion-voiture-modele-citroen-c15.html,6305,137999,4.57%,5.14
https://www.lacentrale.fr/occasion-voiture-modele-ferrari-308.html,6302,56766,11.1%,6.51
https://www.lacentrale.fr/voiture-occasion-peugeot-308-308 sw.html,6289,194855,3.23%,7.83
https://www.lacentrale.fr/voiture-occasion-jeep-avenger-avenger.html,6270,188895,3.32%,8.74
https://www.lacentrale.fr/occasion-voiture-modele-mercedes-sl.html,6236,105193,5.93%,7.26
https://www.lacentrale.fr/occasion-voiture-modele-hyundai-santa fe.html,6202,178308,3.48%,8
https://www.lacentrale.fr/occasion-voiture-modele-dacia-dokker.html,6188,105574,5.86%,6.52
https://www.lacentrale.fr/region/occasion-voiture-pays-de-la-loire/loire-atlantique-44.html,6178,105832,5.84%,7.96
https://www.lacentrale.fr/occasion-voiture-modele-cupra-formentor.html,6165,113071,5.45%,10.19
https://www.lacentrale.fr/voiture-occasion-peugeot-308-308 cc.html,6161,66990,9.2%,9.84
https://www.lacentrale.fr/occasion-voiture-modele-mazda-2.html,6113,77118,7.93%,5.75
"https://www.lacentrale.fr/voiture-occasion-hyundai-i30-i30 (3e generation) 
n.html",6090,51709,11.78%,5.76
https://www.lacentrale.fr/occasion-voiture-modele-volvo-v60.html,6085,79877,7.62%,5.75
https://www.lacentrale.fr/region/occasion-voiture-provence-alpes-cote-d-azur/alpes-maritimes-06.html,6083,38483,15.81%,8.02
https://www.lacentrale.fr/occasion-voiture-modele-ford-bronco.html,6039,84045,7.19%,7.33
https://www.lacentrale.fr/occasion-voiture-marque-alfa romeo.html,6000,346624,1.73%,6.16
"https://www.lacentrale.fr/voiture-occasion-chevrolet-corvette-corvette 
c3.html",5990,73404,8.16%,8.29
https://www.lacentrale.fr/occasion-scooter-modele-yamaha-t_max.html,5986,181551,3.3%,8.83
https://www.lacentrale.fr/occasion-voiture-modele-citroen-ds5.html,5959,110423,5.4%,6.65
https://www.lacentrale.fr/occasion-voiture-modele-hyundai-i10.html,5928,169110,3.51%,6.63
https://www.lacentrale.fr/voiture-occasion-renault-scenic-scenic 3.html,5915,141388,4.18%,5.06
"https://www.lacentrale.fr/occasion-voiture-modele-volkswagen-tiguan 
allspace.html",5913,82798,7.14%,7.15
https://www.lacentrale.fr/voiture-occasion-bmw-serie 4-serie 4 g82 m4.html,5848,147359,3.97%,5.77
https://www.lacentrale.fr/voiture-occasion-bmw-serie 1-serie 1 f40.html,5828,94751,6.15%,6.89
https://www.lacentrale.fr/voiture-occasion-peugeot-307-307.html,5821,200632,2.9%,4.76
https://www.lacentrale.fr/occasion-voiture-modele-peugeot-106.html,5813,145884,3.98%,5.93
"https://www.lacentrale.fr/voiture-occasion-hyundai-i20-i20 (3e generation) 
n.html",5813,49038,11.85%,5.44
https://www.lacentrale.fr/occasion-voiture-modele-audi-s1.html,5808,73042,7.95%,7.39
https://www.lacentrale.fr/voiture-occasion-renault-megane-megane 2 rs.html,5805,64893,8.95%,6.69
https://www.lacentrale.fr/occasion-voiture-modele-subaru-brz.html,5782,43341,13.34%,4.5
https://www.lacentrale.fr/voiture-occasion-renault-espace-espace 5.html,5779,79647,7.26%,5.44
https://www.lacentrale.fr/voiture-occasion-renault-megane-megane 5.html,5773,85512,6.75%,6.31
https://www.lacentrale.fr/occasion-voiture-modele-bmw-serie 2.html,5767,140499,4.1%,6.17
https://www.lacentrale.fr/occasion-voiture-modele-seat-arona.html,5764,156124,3.69%,7.03
https://www.lacentrale.fr/occasion-voiture-modele-alfa romeo-4c.html,5758,52509,10.97%,11.46
https://www.lacentrale.fr/occasion-voiture-modele-toyota-corolla cross.html,5750,73369,7.84%,5.75
https://www.lacentrale.fr/occasion-voiture-marque-dacia.html,5680,378088,1.5%,8.74
https://www.lacentrale.fr/voiture-occasion-bmw-serie 5-serie 5 e39.html,5652,81067,6.97%,4.96
https://www.lacentrale.fr/voiture-occasion-volkswagen-polo-polo 4.html,5637,149765,3.76%,5.86
https://www.lacentrale.fr/occasion-voiture-modele-nissan-micra.html,5634,175212,3.22%,6.89
"https://www.lacentrale.fr/occasion-voiture-modele-aston martin-v8 
vantage.html",5625,79392,7.09%,7.51
https://www.lacentrale.fr/fiches-techniques-voiture-peugeot-208---.html,5623,552087,1.02%,5.49
https://www.lacentrale.fr/voiture-occasion-peugeot-508-508 sw.html,5614,119960,4.68%,7.93
https://www.lacentrale.fr/fiches-techniques-voiture-peugeot-308---.html,5612,191774,2.93%,7.41
https://www.lacentrale.fr/occasion-voiture-marque-bugatti.html,5607,226550,2.47%,7.74
https://www.lacentrale.fr/occasion-voiture-modele-lexus-lc.html,5593,47027,11.89%,5.19
https://www.lacentrale.fr/occasion-voiture-modele-peugeot-107.html,5586,150794,3.7%,5.62
https://www.lacentrale.fr/occasion-voiture-modele-ferrari-812.html,5586,114386,4.88%,6.07
https://www.lacentrale.fr/voiture-occasion-mercedes-cla-cla amg.html,5564,88954,6.25%,6.11
https://www.lacentrale.fr/occasion-voiture-modele-renault-espace.html,5560,172587,3.22%,7.47
https://www.lacentrale.fr/occasion-voiture-modele-mercedes-classe m.html,5531,83569,6.62%,6.65
https://www.lacentrale.fr/occasion-voiture-modele-cadillac-escalade.html,5523,120201,4.59%,6.7
"https://www.lacentrale.fr/voiture-occasion-citroen-c3 aircross-c3 
aircross.html",5521,129317,4.27%,9.35
https://www.lacentrale.fr/occasion-voiture-modele-volkswagen-multivan.html,5508,84010,6.56%,7.79
https://www.lacentrale.fr/conseils/actualites/meilleures-suv-compacts-occasion,5504,159854,3.44%,16.8
https://www.lacentrale.fr/occasion-voiture-modele-citroen-c1.html,5502,190033,2.9%,6.75
https://www.lacentrale.fr/occasion-voiture-modele-mg-mg zs.html,5496,75816,7.25%,11.1
https://www.lacentrale.fr/occasion-voiture-modele-peugeot-partner tepee.html,5480,113717,4.82%,7.62
https://www.lacentrale.fr/voiture-occasion-volkswagen-t_roc-t_roc r.html,5473,55280,9.9%,6.27
https://www.lacentrale.fr/voiture-toyota-occasion-4-x-4.html,5466,107606,5.08%,6.17
https://www.lacentrale.fr/voiture-occasion-citroen-c3-c3.html,5420,237603,2.28%,8.33
"https://www.lacentrale.fr/voiture-occasion-renault-megane-megane 4 
estate.html",5417,93559,5.79%,5.86
https://www.lacentrale.fr/voiture-occasion-bmw-serie 8-serie 8 g15 m8.html,5415,132173,4.1%,4.84
https://www.lacentrale.fr/voiture-occasion-mercedes-glc-glc amg.html,5404,78731,6.86%,5.63
https://www.lacentrale.fr/voiture-occasion-mercedes-sls-sls amg.html,5404,77650,6.96%,6.4
https://www.lacentrale.fr/voiture-occasion-mercedes-190-190.html,5380,115015,4.68%,5.94
https://www.lacentrale.fr/occasion-voiture-modele-volvo-v40.html,5376,76112,7.06%,5.54
https://www.lacentrale.fr/occasion-voiture-modele-peugeot-408.html,5373,178171,3.02%,8.31
https://www.lacentrale.fr/occasion-voiture-modele-kia-stonic.html,5369,126772,4.24%,7.36
https://www.lacentrale.fr/voiture-occasion-porsche-718-718 cayman.html,5365,68967,7.78%,6.96
https://www.lacentrale.fr/occasion-voiture-modele-lada-niva.html,5350,88438,6.05%,7.47
https://www.lacentrale.fr/occasion-voiture-modele-lexus-is.html,5343,58716,9.1%,6.29
https://www.lacentrale.fr/occasion-voiture-modele-alfa romeo-mito.html,5323,86756,6.14%,7.21
https://www.lacentrale.fr/voiture-occasion-peugeot-406-406 coupe.html,5323,82624,6.44%,6.28
https://www.lacentrale.fr/occasion-voiture-modele-citroen-spacetourer.html,5298,78949,6.71%,8.76
https://www.lacentrale.fr/cote-voitures-renault-clio---.html,5292,124128,4.26%,7.83
https://www.lacentrale.fr/occasion-voiture-modele-chrysler-300 c.html,5265,67597,7.79%,5.39
https://www.lacentrale.fr/voiture-occasion-renault-kangoo-kangoo.html,5261,96967,5.43%,7.12
https://www.lacentrale.fr/voiture-occasion-lancia-delta-delta hf.html,5211,67985,7.66%,6.31
"https://www.lacentrale.fr/voiture-occasion-porsche-cayenne-cayenne 3 
coupe.html",5171,59708,8.66%,6.22
https://www.lacentrale.fr/moto-occasion-honda-cb-cb 500.html,5162,100535,5.13%,7.93
"https://www.lacentrale.fr/voiture-occasion-mercedes-classe c-classe c 3 
coupe amg.html",5157,107129,4.81%,8.61
"https://www.lacentrale.fr/voiture-occasion-porsche-cayman-cayman 2 type 981 
gt4.html",5157,55748,9.25%,6.51
https://www.lacentrale.fr/voiture-occasion-volkswagen-golf-golf 3.html,5129,125869,4.07%,6.81
https://www.lacentrale.fr/voiture-occasion-peugeot-208-208.html,5098,256451,1.99%,10.1
https://www.lacentrale.fr/occasion-voiture-modele-honda-jazz.html,5088,108683,4.68%,9.73
https://www.lacentrale.fr/occasion-voiture-modele-lexus-nx.html,5051,77196,6.54%,7.97
https://www.lacentrale.fr/voiture-occasion-porsche-cayenne-cayenne.html,5044,107205,4.71%,7.28
https://www.lacentrale.fr/occasion-voiture-modele-mclaren-720s.html,5041,96066,5.25%,5.48
https://www.lacentrale.fr/scooter-occasion-yamaha-x_max-x_max 125.html,5032,108928,4.62%,8.39
https://www.lacentrale.fr/voiture-occasion-vehicule_societe.html,5017,99150,5.06%,10.94
"https://www.lacentrale.fr/voiture-occasion-dacia-sandero-sandero 3 
stepway.html",4986,219356,2.27%,8.56
https://www.lacentrale.fr/voiture-occasion-cupra-terramar-terramar.html,4977,120089,4.14%,7.31
https://www.lacentrale.fr/voiture-occasion-peugeot-406-406.html,4974,112574,4.42%,5.26
https://www.lacentrale.fr/occasion-voiture-marque-mercedes_amg.html,4956,171581,2.89%,6.88
https://www.lacentrale.fr/fiches-techniques-voiture-citroen-c3---.html,4951,131438,3.77%,7.58
https://www.lacentrale.fr/voiture-occasion-honda-civic-civic 10.html,4945,95467,5.18%,9.98
https://www.lacentrale.fr/le-rachat-express/conseils/vendre-sans-controle-technique,4934,278584,1.77%,7.46
https://www.lacentrale.fr/occasion-voiture-marque-mazda.html,4933,315415,1.56%,6.74
https://www.lacentrale.fr/occasion-voiture-modele-subaru-wrx sti.html,4925,61661,7.99%,6.34
https://www.lacentrale.fr/occasion-voiture-modele-lotus-elise.html,4920,65988,7.46%,7.85
https://www.lacentrale.fr/occasion-voiture-modele-dacia-logan.html,4905,116803,4.2%,6.56
https://www.lacentrale.fr/voiture-occasion-bmw-serie 5-serie 5 f10.html,4905,98606,4.97%,7.95
https://www.lacentrale.fr/features/page_cote/popin_autoviza/popin_autoviza.php,4899,79121,6.19%,3.95
https://www.lacentrale.fr/occasion-voiture-modele-volkswagen-new beetle.html,4896,109411,4.47%,6.78
https://www.lacentrale.fr/occasion-voiture-modele-kia-proceed.html,4895,69717,7.02%,7.23
https://www.lacentrale.fr/occasion-voiture-modele-ferrari-f355.html,4895,40884,11.97%,7.29
https://www.lacentrale.fr/voiture-occasion-peugeot-308-308.html,4892,206009,2.37%,8.27
https://www.lacentrale.fr/voiture-occasion-porsche-911-911 type 901.html,4890,73294,6.67%,6.87
"https://www.lacentrale.fr/voiture-occasion-toyota-land cruiser-land cruiser 
serie 150.html",4889,117259,4.17%,8.51
https://www.lacentrale.fr/voiture-occasion-ferrari-458-458 speciale.html,4888,30689,15.93%,7.06
https://www.lacentrale.fr/voiture-occasion-jeep-renegade-renegade.html,4887,128296,3.81%,11.18
https://www.lacentrale.fr/occasion-voiture-modele-mercedes-classe x.html,4876,59194,8.24%,6.95
"https://www.lacentrale.fr/voiture-occasion-bmw-serie 1-serie 1 f20 5 
portes.html",4866,117077,4.16%,7.28
https://www.lacentrale.fr/occasion-voiture-modele-citroen-c3 picasso.html,4858,98425,4.94%,5.63
https://www.lacentrale.fr/moto-occasion-yamaha-tracer-tracer 700.html,4856,93089,5.22%,5.99
https://www.lacentrale.fr/occasion-voiture-modele-ferrari-458.html,4844,99026,4.89%,6.5
https://www.lacentrale.fr/occasion-voiture-modele-suzuki-ignis.html,4838,106836,4.53%,7.03
https://www.lacentrale.fr/occasion-voiture-marque-honda.html,4814,162686,2.96%,10.07
https://www.lacentrale.fr/occasion-voiture-modele-mazda-cx_3.html,4807,65007,7.39%,6.98
https://www.lacentrale.fr/occasion-voiture-modele-ds-ds 9.html,4795,52018,9.22%,9.38
https://www.lacentrale.fr/occasion-voiture-marque-ford.html,4789,549294,0.87%,7.9
"https://www.lacentrale.fr/voiture-occasion-volkswagen-t_roc-t_roc 
cabriolet.html",4780,63560,7.52%,7.77
https://www.lacentrale.fr/occasion-voiture-modele-lexus-rx.html,4761,87547,5.44%,7.38
https://www.lacentrale.fr/voiture-occasion-renault-symbioz-symbioz.html,4734,79964,5.92%,8.48
https://www.lacentrale.fr/voiture-occasion-cabriolet.html,4698,117743,3.99%,8.26
https://www.lacentrale.fr/voiture-occasion-dacia-duster-duster 3.html,4698,51537,9.12%,7.05
https://www.lacentrale.fr/occasion-voiture-modele-citroen-c4 aircross.html,4697,82796,5.67%,6.53
https://www.lacentrale.fr/occasion-voiture-modele-renault-master.html,4690,93058,5.04%,10.65
https://www.lacentrale.fr/occasion-voiture-marque-byd.html,4688,89000,5.27%,9.31
https://www.lacentrale.fr/occasion-voiture-modele-mercedes-sprinter.html,4686,145224,3.23%,8.22
https://www.lacentrale.fr/occasion-voiture-modele-opel-astra.html,4672,143563,3.25%,7.82
https://www.lacentrale.fr/occasion-voiture-modele-mazda-rx_8.html,4672,54914,8.51%,5.73
https://www.lacentrale.fr/occasion-voiture-modele-citroen-c6.html,4668,55160,8.46%,5.83
https://www.lacentrale.fr/occasion-voiture-modele-volkswagen-taigo.html,4651,57875,8.04%,8.72
https://www.lacentrale.fr/conseils/guides-comparatifs/meilleures-citadines,4649,108352,4.29%,9.93
https://www.lacentrale.fr/voiture-occasion-porsche-taycan-taycan.html,4644,144398,3.22%,5.83
https://www.lacentrale.fr/voiture-occasion-bmw-serie 5-serie 5 e39 m5.html,4636,51000,9.09%,5.51
"https://www.lacentrale.fr/voiture-occasion-audi-a3-a3 (3e generation) 
berline.html",4623,61371,7.53%,5.88
https://www.lacentrale.fr/occasion-voiture-modele-citroen-c2.html,4615,118858,3.88%,6.93
https://www.lacentrale.fr/occasion-voiture-modele-toyota-highlander.html,4612,68451,6.74%,6.73
https://www.lacentrale.fr/occasion-voiture-modele-porsche-718.html,4612,65272,7.07%,6.31
https://www.lacentrale.fr/fiches-techniques-voiture-volkswagen-polo---.html,4591,124590,3.68%,7.84
https://www.lacentrale.fr/occasion-voiture-modele-ford-s_max.html,4590,73020,6.29%,5.84
https://www.lacentrale.fr/voiture-occasion-coupe.html,4557,80438,5.67%,13.56
https://www.lacentrale.fr/occasion-voiture-modele-kia-cee d.html,4554,95369,4.78%,4.89
https://www.lacentrale.fr/voiture-occasion-volkswagen-golf-golf 5 gti.html,4542,48292,9.41%,7.94
https://www.lacentrale.fr/occasion-voiture-modele-audi-tts.html,4540,61410,7.39%,7.23
https://www.lacentrale.fr/occasion-voiture-modele-bmw-serie 6.html,4537,59871,7.58%,7.38
"https://www.lacentrale.fr/voiture-occasion-mercedes-classe c-classe c 4 
amg.html",4532,61264,7.4%,6.54
https://www.lacentrale.fr/fiches-techniques-voiture-peugeot-3008---.html,4527,130838,3.46%,7.8
https://www.lacentrale.fr/occasion-voiture-modele-jeep-compass.html,4525,124739,3.63%,10.51
https://www.lacentrale.fr/le-rachat-express/conseils/voiture-gagee,4524,97303,4.65%,7.19
https://www.lacentrale.fr/voiture-occasion-ferrari-488-488 pista.html,4524,54735,8.27%,5.2
https://www.lacentrale.fr/occasion-voiture-modele-tesla-model s.html,4523,134914,3.35%,7.85
https://www.lacentrale.fr/occasion-voiture-modele-audi-a6 allroad.html,4519,42748,10.57%,5.97
"https://www.lacentrale.fr/voiture-occasion-mercedes-cla-cla shooting 
brake.html",4515,77746,5.81%,7.3
https://www.lacentrale.fr/occasion-voiture-modele-audi-s6.html,4484,45214,9.92%,5.92
https://www.lacentrale.fr/occasion-voiture-marque-caterham.html,4479,58983,7.59%,6.39
https://www.lacentrale.fr/occasion-voiture-modele-mini-mini cabriolet.html,4471,71776,6.23%,7.94
https://www.lacentrale.fr/occasion-voiture-modele-dacia-spring.html,4447,73262,6.07%,9.89
https://www.lacentrale.fr/occasion-voiture-modele-land rover-discovery.html,4430,71796,6.17%,6.27
https://www.lacentrale.fr/fiches-techniques-voiture-renault-clio---.html,4428,97820,4.53%,8.42
"https://www.lacentrale.fr/voiture-occasion-renault-megane-megane 3 
coupe.html",4420,91878,4.81%,5.98
"https://www.lacentrale.fr/voiture-occasion-toyota-proace city verso-proace 
city verso.html",4415,73281,6.02%,6.65
https://www.lacentrale.fr/voiture-occasion-citadine.html,4411,220018,2%,13.1
"https://www.lacentrale.fr/voiture-occasion-porsche-boxster-boxster type 
986.html",4408,54653,8.07%,6.52
https://www.lacentrale.fr/occasion-voiture-marque-suzuki.html,4392,320332,1.37%,7.69
"https://www.lacentrale.fr/voiture-occasion-bmw-serie 3-serie 3 g81 touring 
m3.html",4387,79280,5.53%,5.84
https://www.lacentrale.fr/voiture-occasion-renault-espace-espace 4.html,4381,70002,6.26%,6.37
https://www.lacentrale.fr/annuaire,4380,802572,0.55%,17.53
https://www.lacentrale.fr/voiture-occasion-mercedes-glb-glb.html,4363,129009,3.38%,5.43
https://www.lacentrale.fr/occasion-voiture-modele-renault-grand scenic.html,4355,79718,5.46%,7.04
"https://www.lacentrale.fr/voiture-occasion-mercedes-classe e-classe e 5 
coupe.html",4353,56351,7.72%,7.46
https://www.lacentrale.fr/occasion-voiture-modele-mazda-6.html,4342,54940,7.9%,7.15
https://www.lacentrale.fr/occasion-voiture-modele-mitsubishi-outlander.html,4341,82772,5.24%,8.77
https://www.lacentrale.fr/occasion-voiture-marque-camping car.html,4334,33627,12.89%,40.7
https://www.lacentrale.fr/voiture-occasion-renault-megane-megane 2.html,4332,147174,2.94%,5.19
https://www.lacentrale.fr/voiture-occasion-toyota-supra-supra mkv.html,4326,132392,3.27%,9.56
https://www.lacentrale.fr/voiture-occasion-citroen-ds3-ds3.html,4323,225118,1.92%,6.56
https://www.lacentrale.fr/voiture-occasion-audi-a5-a5 sportback.html,4318,68512,6.3%,6.73
https://www.lacentrale.fr/voiture-occasion-ineos-grenadier-grenadier.html,4312,81683,5.28%,6.1
https://www.lacentrale.fr/occasion-voiture-modele-renault-arkana.html,4310,290599,1.48%,6.71
"https://www.lacentrale.fr/voiture-occasion-audi-q3-q3 (2e generation) 
sportback.html",4297,73531,5.84%,7.43
https://www.lacentrale.fr/occasion-voiture-modele-bmw-z8.html,4294,34034,12.62%,6.96
https://www.lacentrale.fr/occasion-moto-modele-honda-gl goldwing.html,4292,66816,6.42%,7.81
https://www.lacentrale.fr/occasion-voiture-modele-aston martin-dbx.html,4281,128111,3.34%,6.36
https://www.lacentrale.fr/occasion-voiture-modele-nissan-pathfinder.html,4280,40519,10.56%,6.79
https://www.lacentrale.fr/voiture-occasion-renault-clio-clio 4 estate.html,4275,87928,4.86%,7.39
https://www.lacentrale.fr/voiture-occasion-skoda-octavia-octavia 4 rs.html,4255,55487,7.67%,6.22
https://www.lacentrale.fr/voiture-occasion/hybride/marque-toyota.html,4252,203967,2.08%,10.48
https://www.lacentrale.fr/occasion-voiture-modele-mercedes-slr.html,4250,110454,3.85%,5.69
https://www.lacentrale.fr/occasion-voiture-marque-dodge.html,4242,139846,3.03%,7
https://www.lacentrale.fr/voiture-occasion-volkswagen-tiguan-tiguan 2 r.html,4239,45461,9.32%,5.85
https://www.lacentrale.fr/occasion-voiture-modele-ferrari-sf90 stradale.html,4213,94070,4.48%,5.25
https://www.lacentrale.fr/occasion-voiture-modele-ferrari-348.html,4201,41512,10.12%,8.43
https://www.lacentrale.fr/occasion-moto-modele-bmw-r 1200 gs.html,4199,95651,4.39%,7.28
https://www.lacentrale.fr/occasion-voiture-modele-volkswagen-arteon.html,4196,81183,5.17%,7.49
https://www.lacentrale.fr/occasion-voiture-modele-ferrari-california.html,4196,44539,9.42%,5.8
https://www.lacentrale.fr/electrique,4194,161290,2.6%,19.5
https://www.lacentrale.fr/voiture-occasion-ferrari-360-360 modena.html,4194,35000,11.98%,6.57
https://www.lacentrale.fr/occasion-voiture-modele-renault-talisman.html,4187,155281,2.7%,5.61
https://www.lacentrale.fr/occasion-voiture-modele-bmw-serie 8.html,4187,64584,6.48%,7.64
https://www.lacentrale.fr/occasion-voiture-modele-fiat-600.html,4183,138214,3.03%,7.16
https://www.lacentrale.fr/occasion-voiture-modele-mini-mini clubman.html,4181,70341,5.94%,6.18
https://www.lacentrale.fr/conseils/vente-voiture/bien-vendre,4179,319438,1.31%,11.14
https://www.lacentrale.fr/occasion-voiture-modele-audi-s8.html,4175,45093,9.26%,6.96
https://www.lacentrale.fr/occasion-voiture-modele-audi-a4 allroad.html,4172,38330,10.88%,6.55
https://www.lacentrale.fr/occasion-voiture-marque-morgan.html,4155,52694,7.89%,7.39
https://www.lacentrale.fr/occasion-voiture-modele-mercedes-marco polo.html,4144,70926,5.84%,8.95
https://www.lacentrale.fr/occasion-voiture-modele-ford-mondeo.html,4143,88052,4.71%,5.77
https://www.lacentrale.fr/occasion-voiture-modele-honda-accord.html,4139,44071,9.39%,6.46
https://www.lacentrale.fr/occasion-voiture-modele-mercedes-gls.html,4131,84639,4.88%,7.78
https://www.lacentrale.fr/occasion-voiture-modele-ferrari-f8 tributo.html,4130,76140,5.42%,5.55
https://www.lacentrale.fr/occasion-voiture-modele-subaru-forester.html,4127,47292,8.73%,6.27
https://www.lacentrale.fr/voiture-occasion-mercedes-cle-cle coupe.html,4121,57667,7.15%,5.88
"https://www.lacentrale.fr/voiture-occasion-bmw-serie 2-serie 2 f22 coupe 
m.html",4105,45807,8.96%,5.62
https://www.lacentrale.fr/voiture-occasion-porsche-718-718 spyder.html,4098,55783,7.35%,5.61
https://www.lacentrale.fr/occasion-voiture-modele-ferrari-gtc4lusso.html,4087,44602,9.16%,8.54
"https://www.lacentrale.fr/voiture-occasion-mercedes-classe cls-classe cls 2 
amg.html",4079,75756,5.38%,5.41
https://www.lacentrale.fr/voiture-occasion-mini-countryman-countryman.html,4076,181714,2.24%,6.44
https://www.lacentrale.fr/occasion-voiture-modele-peugeot-traveller.html,4074,77826,5.23%,8.17
https://www.lacentrale.fr/occasion-voiture-modele-mg-mg ehs.html,4060,149617,2.71%,9.06
https://www.lacentrale.fr/occasion-voiture-marque-lotus.html,4053,189359,2.14%,7.11
https://www.lacentrale.fr/voiture-occasion-bmw-serie 8-serie 8 e31.html,4044,57535,7.03%,6.92
https://www.lacentrale.fr/occasion-voiture-modele-skoda-yeti.html,4035,47873,8.43%,6.77
https://www.lacentrale.fr/occasion-voiture-modele-skoda-superb.html,4016,71927,5.58%,7
https://www.lacentrale.fr/occasion-voiture-marque-cadillac.html,4015,150767,2.66%,7.83
https://www.lacentrale.fr/voiture-occasion-renault-laguna-laguna 3.html,4010,80274,5%,5.88
https://www.lacentrale.fr/voiture-occasion-ford-focus-focus 4.html,4010,72575,5.53%,7.8
https://www.lacentrale.fr/region/occasion-voiture-nouvelle-aquitaine/gironde-33/bordeaux.html,4002,647496,0.62%,3.39
https://www.lacentrale.fr/conseils/actualites/meilleurs-4x4-occasion,4001,108469,3.69%,15.58
https://www.lacentrale.fr/occasion-voiture-marque-hummer.html,3998,104538,3.82%,6.59
https://www.lacentrale.fr/occasion-voiture-modele-jeep-cherokee.html,3993,90658,4.4%,7.97
https://www.lacentrale.fr/voiture-occasion-toyota-yaris-yaris 4.html,3993,55611,7.18%,6.72
https://www.lacentrale.fr/occasion-voiture-marque-nissan.html,3990,377803,1.06%,7.99
https://www.lacentrale.fr/occasion-voiture-marque-gmc.html,3990,117305,3.4%,7.01
https://www.lacentrale.fr/voiture-occasion-volvo-xc40-xc40.html,3987,144106,2.77%,8.61
"https://www.lacentrale.fr/voiture-occasion-renault-laguna-laguna 3 
coupe.html",3983,50640,7.87%,5.53
https://www.lacentrale.fr/occasion-voiture-modele-renault-alaskan.html,3981,43136,9.23%,5.57
https://www.lacentrale.fr/voiture-occasion-lamborghini-aventador-aventador.html,3976,179967,2.21%,8.29
"https://www.lacentrale.fr/voiture-occasion-bmw-serie 4-serie 4 f36 gran 
coupe.html",3970,73597,5.39%,6.93
https://www.lacentrale.fr/region/occasion-voiture-provence-alpes-cote-d-azur/alpes-maritimes-06/nice.html,3969,407521,0.97%,3.1
https://www.lacentrale.fr/occasion-voiture-marque-chevrolet.html,3948,148540,2.66%,7.41
https://www.lacentrale.fr/occasion-voiture-modele-ford-gt.html,3942,51282,7.69%,6.16
https://www.lacentrale.fr/voiture-occasion-toyota-yaris-yaris.html,3938,123777,3.18%,8.02
https://www.lacentrale.fr/occasion-voiture-modele-matra-murena.html,3925,35170,11.16%,5.83
https://www.lacentrale.fr/occasion-voiture-modele-citroen-sm.html,3921,60779,6.45%,4.73
"https://www.lacentrale.fr/voiture-occasion-volkswagen-passat-passat 8 
sw.html",3913,62404,6.27%,6.34
https://www.lacentrale.fr/voiture-occasion-audi-r8-r8.html,3912,188350,2.08%,9.64
https://www.lacentrale.fr/occasion-voiture-modele-bentley-bentayga.html,3909,82808,4.72%,5.82
https://www.lacentrale.fr/occasion-moto-modele-bmw-s1000 rr.html,3902,355650,1.1%,6.95
https://www.lacentrale.fr/occasion-voiture-modele-hyundai-ioniq 5.html,3900,100120,3.9%,7.37
https://www.lacentrale.fr/voiture-mercedes-occasion-cabriolet.html,3900,50477,7.73%,5.45
https://www.lacentrale.fr/occasion-voiture-modele-kia-ceed.html,3899,109323,3.57%,7.71
https://www.lacentrale.fr/voiture-occasion-peugeot-206-206 rc.html,3891,34322,11.34%,6.05
https://www.lacentrale.fr/occasion-moto-modele-yamaha-mt_125.html,3890,101858,3.82%,10.7
https://www.lacentrale.fr/cote-voitures-mercedes----.html,3887,1751053,0.22%,1.62
https://www.lacentrale.fr/voiture-occasion-citroen-2cv-2cv.html,3886,126235,3.08%,7.4
https://www.lacentrale.fr/occasion-voiture-modele-porsche-924.html,3886,43298,8.98%,5.43
"https://www.lacentrale.fr/voiture-occasion-renault-talisman-talisman 
estate.html",3869,39661,9.76%,6.14
https://www.lacentrale.fr/voiture-occasion-suzuki-jimny-jimny.html,3866,108527,3.56%,7.83
"https://www.lacentrale.fr/fiches-techniques-voiture-mercedes-classe 
c---.html",3853,87680,4.39%,8.48
https://www.lacentrale.fr/occasion-voiture-modele-peugeot-504.html,3850,105262,3.66%,5.69
"https://www.lacentrale.fr/voiture-occasion-porsche-boxster-boxster 2 type 
987.html",3849,32951,11.68%,6.32
https://www.lacentrale.fr/voiture-occasion-peugeot-504-504 coupe.html,3843,43770,8.78%,6.05
https://www.lacentrale.fr/occasion-moto-modele-yamaha-yzf r1.html,3840,111314,3.45%,7.81
"https://www.lacentrale.fr/voiture-occasion-porsche-boxster-boxster 3 type 
981.html",3837,29424,13.04%,7.21
"https://www.lacentrale.fr/voiture-occasion-audi-a6-a6 (4e generation) 
avant.html",3836,61128,6.28%,7.2
https://www.lacentrale.fr/voiture-occasion-mercedes-190-190 sl.html,3829,36315,10.54%,7.78
https://www.lacentrale.fr/occasion-voiture-modele-fiat-doblo.html,3828,87104,4.39%,7.81
https://www.lacentrale.fr/voiture-occasion-renault-clio-clio 2 campus.html,3820,213841,1.79%,8.39
https://www.lacentrale.fr/occasion-voiture-modele-rolls royce-cullinan.html,3820,96714,3.95%,6
https://www.lacentrale.fr/occasion-voiture-modele-cupra-ateca.html,3816,57221,6.67%,8.03
https://www.lacentrale.fr/voiture-occasion-ford-focus-focus 2 rs.html,3812,72367,5.27%,8.96
https://www.lacentrale.fr/voiture-occasion-volkswagen-golf-golf 4 r32.html,3808,56601,6.73%,7.61
https://www.lacentrale.fr/region/occasion-voiture-pays-de-la-loire/maine-et-loire-49.html,3805,27970,13.6%,9.41
https://www.lacentrale.fr/occasion-voiture-modele-ferrari-roma.html,3802,55537,6.85%,5.72
https://www.lacentrale.fr/voiture-occasion-honda-civic-civic 11.html,3798,31430,12.08%,12.85
https://www.lacentrale.fr/voiture-occasion-peugeot-206-206 cc.html,3788,70558,5.37%,6.54
https://www.lacentrale.fr/occasion-voiture-modele-lexus-ct.html,3786,42260,8.96%,5.78
https://www.lacentrale.fr/region/occasion-voiture-centre-val-de-loire/loiret-45.html,3786,34453,10.99%,8.88
https://www.lacentrale.fr/voiture-occasion-renault-captur-captur 2.html,3781,64691,5.84%,8.59
https://www.lacentrale.fr/occasion-voiture-modele-citroen-c5 aircross.html,3775,109844,3.44%,11.65
https://www.lacentrale.fr/voiture-toyota-occasion-pick_up.html,3775,60925,6.2%,9.15
https://www.lacentrale.fr/occasion-voiture-modele-bmw-x7.html,3772,98030,3.85%,6.91
https://www.lacentrale.fr/voiture-occasion-fiat-500-500.html,3760,127349,2.95%,8.96
https://www.lacentrale.fr/cote-voitures-citroen-c3---.html,3754,50284,7.47%,8.81
https://www.lacentrale.fr/occasion-voiture-modele-ford-tourneo connect.html,3745,74855,5%,7.58
https://www.lacentrale.fr/region/occasion-voiture-nouvelle-aquitaine/gironde-33.html,3745,39522,9.48%,10.99
"https://www.lacentrale.fr/voiture-occasion-bmw-serie 1-serie 1 e82 
coupe.html",3738,55204,6.77%,7.34
https://www.lacentrale.fr/cote-voitures-volkswagen----.html,3737,905383,0.41%,4.77
https://www.lacentrale.fr/occasion-voiture-modele-toyota-verso.html,3734,62524,5.97%,6.75
https://www.lacentrale.fr/voiture-mercedes-occasion-suv_4x4.html,3731,138771,2.69%,6.52
https://www.lacentrale.fr/voiture-occasion-mitsubishi-pajero-pajero 3.html,3731,66552,5.61%,7.14
https://www.lacentrale.fr/occasion-voiture-modele-audi-q4.html,3729,86285,4.32%,8.49
https://www.lacentrale.fr/occasion-voiture-modele-alfa romeo-brera.html,3728,35519,10.5%,6.92
https://www.lacentrale.fr/voiture-renault-occasion-moins-5000-euros.html,3726,70696,5.27%,6.77
https://www.lacentrale.fr/voiture-occasion-mercedes-gle-gle.html,3724,87351,4.26%,6.9
https://www.lacentrale.fr/occasion-voiture-modele-suzuki-sx4 s_cross.html,3724,70924,5.25%,7.77
https://www.lacentrale.fr/financement,3723,105132,3.54%,24.54
"https://www.lacentrale.fr/voiture-occasion-toyota-land cruiser sw-land 
cruiser sw serie 100.html",3717,33530,11.09%,4.6
https://www.lacentrale.fr/occasion-voiture-modele-mercedes-classe glk.html,3715,72273,5.14%,5.52
https://www.lacentrale.fr/occasion-voiture-modele-maserati-mc20.html,3713,58383,6.36%,6.59
"https://www.lacentrale.fr/voiture-occasion-peugeot-208-e_208 (2e 
generation).html",3709,51368,7.22%,16.29
https://www.lacentrale.fr/voiture-occasion-hyundai-ioniq 5-ioniq 5 n.html,3693,48745,7.58%,5.69
https://www.lacentrale.fr/le-rachat-express/conseils/puissance-fiscale,3692,189317,1.95%,8.59
https://www.lacentrale.fr/region/occasion-voiture-provence-alpes-cote-d-azur/bouches-du-rhone-13/marseille.html,3690,800692,0.46%,2.94
https://www.lacentrale.fr/occasion-voiture-modele-nissan-nv200.html,3682,50885,7.24%,7.08
https://www.lacentrale.fr/fiches-techniques-voiture-volkswagen-tiguan---.html,3681,117634,3.13%,7.84
https://www.lacentrale.fr/voiture-occasion-peugeot-3008-3008.html,3674,166360,2.21%,10.64
https://www.lacentrale.fr/voiture-occasion-renault-modus-modus.html,3663,119202,3.07%,5.79
https://www.lacentrale.fr/fiches-techniques-voiture-toyota-yaris---.html,3662,122009,3%,7.8
https://www.lacentrale.fr/voiture-occasion-renault-clio-clio.html,3656,114085,3.2%,5.94
https://www.lacentrale.fr/occasion-voiture-modele-chevrolet-suburban.html,3656,49025,7.46%,5.54
https://www.lacentrale.fr/region/occasion-voiture-occitanie/herault-34/montpellier.html,3649,60523,6.03%,5.6
https://www.lacentrale.fr/occasion-voiture-modele-mitsubishi-lancer.html,3632,47345,7.67%,8.21
"https://www.lacentrale.fr/voiture-occasion-bmw-serie 3-serie 3 g21 
touring.html",3631,62906,5.77%,7.87
"https://www.lacentrale.fr/voiture-occasion-porsche-911-911 type 997 
cabriolet.html",3621,53112,6.82%,7.55
https://www.lacentrale.fr/occasion-voiture-modele-citroen-c4 cactus.html,3606,113246,3.18%,8.65
"https://www.lacentrale.fr/moto-occasion-honda-xl varadero-xl varadero 
125.html",3604,44191,8.16%,7.03
https://www.lacentrale.fr/occasion-moto-modele-bmw-r1250 rt.html,3593,43944,8.18%,6.86
https://www.lacentrale.fr/voiture-occasion/hybride/modele-renault-clio.html,3590,76883,4.67%,9.08
https://www.lacentrale.fr/occasion-voiture-modele-opel-adam.html,3590,64034,5.61%,5.97
"https://www.lacentrale.fr/voiture-occasion-mercedes-classe g-classe g 3 
amg.html",3588,123285,2.91%,6.83
"https://www.lacentrale.fr/voiture-occasion-volkswagen-golf-golf 
cabriolet.html",3588,81007,4.43%,7.33
https://www.lacentrale.fr/occasion-voiture-modele-volvo-c30.html,3583,43586,8.22%,6.09
https://www.lacentrale.fr/scooter-occasion-piaggio-mp3-mp3 500.html,3574,41134,8.69%,8.15
https://www.lacentrale.fr/occasion-voiture-modele-dacia-lodgy.html,3561,93815,3.8%,6.42
https://www.lacentrale.fr/voiture-occasion-voiture_ancienne.html,3560,64910,5.48%,18.66
https://www.lacentrale.fr/occasion-voiture-modele-jaguar-e_pace.html,3556,51130,6.95%,7.48
https://www.lacentrale.fr/occasion-voiture-modele-ferrari-f12.html,3542,47012,7.53%,6.39
https://www.lacentrale.fr/occasion-voiture-modele-volkswagen-sharan.html,3539,60781,5.82%,6.3
https://www.lacentrale.fr/fiches-techniques-voiture-peugeot-206---.html,3532,133362,2.65%,6.6
https://www.lacentrale.fr/occasion-scooter-modele-honda-x_adv.html,3528,52389,6.73%,10.29
https://www.lacentrale.fr/occasion-voiture-modele-opel-grandland x.html,3513,75107,4.68%,8.55
"https://www.lacentrale.fr/voiture-occasion-toyota-rav 4-rav 4 (2e 
generation).html",3513,50120,7.01%,5.99
https://www.lacentrale.fr/conseils/vente-voiture/vendeurs-les-arnaques,3510,46053,7.62%,11.85
https://www.lacentrale.fr/conseils/guides-comparatifs/top-10-voitures-essence-occasion-plus-fiables,3510,29474,11.91%,6.16
https://www.lacentrale.fr/occasion-voiture-modele-mercedes-viano.html,3509,82595,4.25%,5.95
"https://www.lacentrale.fr/voiture-occasion-peugeot-308-308 (2e 
generation).html",3506,65129,5.38%,6.18
https://www.lacentrale.fr/occasion-voiture-modele-jaguar-xjs.html,3505,39069,8.97%,6.39
https://www.lacentrale.fr/occasion-voiture-modele-fiat-124.html,3504,56100,6.25%,6.02
https://www.lacentrale.fr/voiture-occasion-peugeot-206-206 s16.html,3497,38216,9.15%,4.92
"https://www.lacentrale.fr/voiture-occasion-mercedes-classe c-classe c 4 
cabriolet.html",3493,43479,8.03%,9.1
https://www.lacentrale.fr/voiture-occasion-aston martin-db9-db9.html,3484,47689,7.31%,7.1
https://www.lacentrale.fr/occasion-voiture-modele-jeep-willys.html,3479,42983,8.09%,6.26
https://www.lacentrale.fr/occasion-voiture-modele-tesla-model y.html,3468,96131,3.61%,10.67
"https://www.lacentrale.fr/voiture-occasion-bmw-serie 2-serie 2 f46 gran 
tourer.html",3463,55707,6.22%,7.5
https://www.lacentrale.fr/occasion-voiture-modele-citroen-traction.html,3460,71091,4.87%,5.59
https://www.lacentrale.fr/fiches-techniques-voiture-peugeot-207---.html,3446,119150,2.89%,6.58
https://www.lacentrale.fr/occasion-moto-modele-kawasaki-z 650.html,3441,66227,5.2%,7.96
https://www.lacentrale.fr/voiture-mercedes-occasion-4-x-4.html,3433,122021,2.81%,5.1
https://www.lacentrale.fr/occasion-voiture-modele-ford-c_max.html,3432,88626,3.87%,5.14
"https://www.lacentrale.fr/voiture-occasion-bmw-serie 3-serie 3 e30 coupe 
m3.html",3426,53855,6.36%,5.81
https://www.lacentrale.fr/occasion-scooter-modele-piaggio-mp3.html,3423,61325,5.58%,9.39
https://www.lacentrale.fr/voiture-occasion/electrique/modele-renault-r5.html,3416,28981,11.79%,9.02
https://www.lacentrale.fr/occasion-voiture-modele-ferrari-ff.html,3411,32452,10.51%,9.84
"https://www.lacentrale.fr/voiture-occasion-volkswagen-coccinelle-coccinelle 
cabriolet.html",3410,40863,8.34%,7.82
https://www.lacentrale.fr/utilitaire-occasion-fourgon_moins_3_5_t.html,3409,84561,4.03%,15.03
https://www.lacentrale.fr/voiture-occasion-volkswagen-golf-golf 2 gti.html,3401,50350,6.75%,6.81
https://www.lacentrale.fr/occasion-voiture-modele-toyota-tundra.html,3399,40429,8.41%,6.4
"https://www.lacentrale.fr/voiture-occasion-bmw-serie 2-serie 2 f45 active 
tourer.html",3394,79012,4.3%,7.28
https://www.lacentrale.fr/fiches-techniques-voiture-peugeot-2008---.html,3393,112537,3.02%,7.68
https://www.lacentrale.fr/region/occasion-voiture-centre-val-de-loire/indre-et-loire-37.html,3392,34782,9.75%,8.19
https://www.lacentrale.fr/voiture-occasion-fiat-topolino-topolino.html,3389,198706,1.71%,6.93
https://www.lacentrale.fr/occasion-moto-modele-honda-crf africa twin.html,3386,94907,3.57%,9.96
https://www.lacentrale.fr/occasion-voiture-modele-ford-ka.html,3385,85070,3.98%,6.23
https://www.lacentrale.fr/occasion-voiture-modele-fiat-500 l.html,3383,57170,5.92%,7.2
https://www.lacentrale.fr/voiture-occasion/hybride/modele-volkswagen-golf.html,3376,78620,4.29%,8.34
"https://www.lacentrale.fr/voiture-occasion-citroen-c3-c3 (2e 
generation).html",3376,69046,4.89%,4.64
"https://www.lacentrale.fr/occasion-voiture-modele-citroen-grand c4 
picasso.html",3372,77721,4.34%,6.99
"https://www.lacentrale.fr/voiture-occasion-renault-grand scenic-grand 
scenic 4.html",3369,62891,5.36%,8.89
https://www.lacentrale.fr/occasion-voiture-modele-aston martin-vanquish.html,3369,53126,6.34%,6.7
https://www.lacentrale.fr/occasion-voiture-modele-renault-r25.html,3367,62936,5.35%,5.28
https://www.lacentrale.fr/occasion-voiture-marque-lynk ^ co.html,3362,150381,2.24%,7.24
"https://www.lacentrale.fr/voiture-occasion-skoda-octavia-octavia 4 
combi.html",3358,66405,5.06%,6.69
"https://www.lacentrale.fr/voiture-occasion-bmw-serie 1-serie 1 e87 5 
portes.html",3355,92710,3.62%,7.1
"https://www.lacentrale.fr/voiture-occasion-volkswagen-transporter-transporter 
5.html",3354,64140,5.23%,7.37
https://www.lacentrale.fr/voiture-occasion-bmw-serie 5-serie 5 g30.html,3351,58960,5.68%,6.21
https://www.lacentrale.fr/occasion-voiture-modele-renault-austral.html,3344,72782,4.59%,10.16
https://www.lacentrale.fr/voiture-occasion-mercedes-gla-gla amg.html,3337,47990,6.95%,5.78
https://www.lacentrale.fr/voiture-occasion-citroen-ds4-ds4.html,3333,176596,1.89%,6.3
https://www.lacentrale.fr/occasion-voiture-modele-citroen-saxo.html,3328,90903,3.66%,6.02
https://www.lacentrale.fr/fiches-techniques-voiture-audi-a3---.html,3328,83380,3.99%,8.73
https://www.lacentrale.fr/occasion-voiture-modele-citroen-cx.html,3327,100459,3.31%,5.66
https://www.lacentrale.fr/voiture-occasion-audi-sq5-sq5.html,3323,74532,4.46%,6.98
https://www.lacentrale.fr/occasion-voiture-modele-opel-vivaro.html,3322,77639,4.28%,8.76
https://www.lacentrale.fr/voiture-occasion-mercedes-glc-glc.html,3317,271853,1.22%,9.54
"https://www.lacentrale.fr/voiture-occasion-bmw-serie 2-serie 2 f44 gran 
coupe.html",3317,53516,6.2%,6.25
https://www.lacentrale.fr/occasion-voiture-modele-volvo-xc70.html,3314,25598,12.95%,5.62
https://www.lacentrale.fr/voiture-occasion-peugeot-207-207 cc.html,3310,53963,6.13%,7.82
https://www.lacentrale.fr/voiture-occasion-lamborghini-revuelto-revuelto.html,3302,89251,3.7%,5.49
https://www.lacentrale.fr/moto-occasion-honda-cbr-cbr 650 r.html,3301,80194,4.12%,6.72
https://www.lacentrale.fr/voiture-occasion-renault-kadjar-kadjar.html,3296,158220,2.08%,7.75
https://www.lacentrale.fr/occasion-voiture-modele-jaguar-xj.html,3295,45349,7.27%,7.93
"https://www.lacentrale.fr/voiture-occasion-citroen-picasso-xsara 
picasso.html",3291,74747,4.4%,6.58
https://www.lacentrale.fr/occasion-voiture-modele-citroen-nemo.html,3288,56565,5.81%,5.41
https://www.lacentrale.fr/occasion-voiture-modele-ferrari-488.html,3284,73482,4.47%,7.48
https://www.lacentrale.fr/voiture-occasion-volkswagen-polo-polo 5 gti.html,3278,51555,6.36%,7.29
https://www.lacentrale.fr/occasion-voiture-modele-jaguar-xe.html,3273,36503,8.97%,6.31
https://www.lacentrale.fr/occasion-voiture-modele-suzuki-grand vitara.html,3269,44279,7.38%,6.7
"https://www.lacentrale.fr/voiture-occasion-renault-super 5-super 5 gt 
turbo.html",3257,83174,3.92%,6.82
"https://www.lacentrale.fr/voiture-occasion-porsche-911-911 type 992 
dakar.html",3250,34635,9.38%,6.55
https://www.lacentrale.fr/occasion-voiture-modele-toyota-aygo x.html,3231,58854,5.49%,9.16
https://www.lacentrale.fr/occasion-voiture-modele-aston martin-db9.html,3231,47842,6.75%,6.78
https://www.lacentrale.fr/occasion-scooter-modele-honda-forza.html,3230,76137,4.24%,8.05
https://www.lacentrale.fr/fiches-techniques-voiture-volkswagen-golf---.html,3228,45239,7.14%,9.16
https://www.lacentrale.fr/occasion-voiture-modele-lexus-ux.html,3226,61739,5.23%,6.9
https://www.lacentrale.fr/moto-occasion-honda-cb-cb 125 r.html,3225,60175,5.36%,7.28
https://www.lacentrale.fr/occasion-voiture-modele-tesla-model x.html,3214,150425,2.14%,8.27
https://www.lacentrale.fr/voiture-occasion-lotus-emira-emira.html,3209,29480,10.89%,4.87
https://www.lacentrale.fr/occasion-voiture-modele-bmw-i4.html,3206,78246,4.1%,8.26
https://www.lacentrale.fr/fiches-techniques-voiture-renault-megane---.html,3206,76495,4.19%,8.42
https://www.lacentrale.fr/occasion-voiture-modele-volvo-s60.html,3206,40014,8.01%,6.32
https://www.lacentrale.fr/occasion-voiture-modele-renault-super 5.html,3203,129889,2.47%,7
https://www.lacentrale.fr/occasion-voiture-modele-mg-mg3.html,3201,107954,2.97%,9.21
https://www.lacentrale.fr/occasion-voiture-modele-aston martin-dbs.html,3197,40101,7.97%,7.04
"https://www.lacentrale.fr/voiture-occasion-mercedes-classe a-classe a 4 
berline.html",3194,69611,4.59%,7.94
https://www.lacentrale.fr/moto-occasion-yamaha-fjr-fjr 1300.html,3194,38285,8.34%,5.17
https://www.lacentrale.fr/voiture-occasion-renault-scenic-scenic 2.html,3192,102102,3.13%,6.02
"https://www.lacentrale.fr/voiture-occasion-mercedes-gle coupe-gle coupe 
amg.html",3185,75347,4.23%,6.57
https://www.lacentrale.fr/occasion-voiture-modele-citroen-c5 x.html,3181,36645,8.68%,10.93
https://www.lacentrale.fr/occasion-voiture-modele-fiat-dino.html,3181,23264,13.67%,7.86
https://www.lacentrale.fr/occasion-voiture-modele-ford-edge.html,3180,41641,7.64%,6.05
"https://www.lacentrale.fr/voiture-occasion-porsche-911-911 type 991 
cabriolet.html",3179,31103,10.22%,6.01
https://www.lacentrale.fr/occasion-voiture-modele-renault-4cv.html,3178,67637,4.7%,5.48
https://www.lacentrale.fr/occasion-voiture-modele-porsche-918.html,3176,81915,3.88%,6.65
https://www.lacentrale.fr/scooter-occasion-yamaha-t_max-t_max 530.html,3172,93369,3.4%,7.35
https://www.lacentrale.fr/fiches-techniques-voiture-toyota-hilux---.html,3172,65931,4.81%,6.76
"https://www.lacentrale.fr/voiture-occasion-volkswagen-scirocco-scirocco 2 
r.html",3170,36299,8.73%,8.48
"https://www.lacentrale.fr/voiture-occasion-alfa romeo-stelvio-stelvio 
quadrifoglio.html",3168,36427,8.7%,9.79
https://www.lacentrale.fr/voiture-occasion-peugeot-rcz-rcz r.html,3168,28213,11.23%,7.94
https://www.lacentrale.fr/occasion-voiture-modele-jaguar-xkr.html,3164,27322,11.58%,7.3
"https://www.lacentrale.fr/voiture-occasion-porsche-cayman-cayman type 
987.html",3157,81206,3.89%,8.73
"https://www.lacentrale.fr/voiture-occasion-bmw-serie 4-serie 4 f33 
cabriolet.html",3157,40167,7.86%,6.48
https://www.lacentrale.fr/fiches-techniques-voiture-dacia-duster---.html,3155,67259,4.69%,8.65
https://www.lacentrale.fr/voiture-occasion-dacia-logan-logan mcv.html,3149,65396,4.82%,6.96
https://www.lacentrale.fr/occasion-voiture-marque-alpina.html,3149,58120,5.42%,7.44
https://www.lacentrale.fr/occasion-voiture-modele-toyota-tacoma.html,3149,35108,8.97%,5.51
https://www.lacentrale.fr/cote-voitures-peugeot-208---.html,3141,90689,3.46%,10.32
https://www.lacentrale.fr/occasion-voiture-modele-ferrari-f40.html,3134,78156,4.01%,7.3
"https://www.lacentrale.fr/occasion-voiture-modele-renault-kangoo 
express.html",3124,53648,5.82%,7.28
https://www.lacentrale.fr/voiture-occasion-audi-a1-a1.html,3112,142470,2.18%,8.49
https://www.lacentrale.fr/voiture-ford-occasion-pick_up.html,3103,61310,5.06%,8.98
"https://www.lacentrale.fr/moto-occasion-honda-gl goldwing-gl goldwing 
1800.html",3101,64513,4.81%,7.46
"https://www.lacentrale.fr/voiture-occasion-citroen-c5-c5 (2e generation) 
tourer.html",3101,37586,8.25%,5.59
https://www.lacentrale.fr/occasion-voiture-marque-seat.html,3095,254832,1.21%,6.65
https://www.lacentrale.fr/voiture-occasion/electrique/modele-fiat-500.html,3095,72942,4.24%,13.16
https://www.lacentrale.fr/occasion-voiture-modele-jeep-renegade.html,3092,132916,2.33%,9.83
https://www.lacentrale.fr/moto-occasion-yamaha-tenere-tenere 700.html,3086,120500,2.56%,5.85
https://www.lacentrale.fr/fiches-techniques-voiture-toyota-rav 4---.html,3085,66606,4.63%,7.46
https://www.lacentrale.fr/voiture-occasion-ford-mustang-mustang 6 coupe.html,3077,45606,6.75%,8.92
https://www.lacentrale.fr/moto-occasion-honda-cb-cb 650.html,3073,56801,5.41%,8.39
https://www.lacentrale.fr/conseils/actualites/meilleures-berlines-occasion,3071,57203,5.37%,16.3
https://www.lacentrale.fr/occasion-voiture-modele-renault-r8.html,3068,66605,4.61%,6.26
https://www.lacentrale.fr/occasion-voiture-modele-fiat-ducato.html,3066,96340,3.18%,10.38
https://www.lacentrale.fr/occasion-voiture-modele-alfa romeo-8c.html,3061,25498,12%,10.88
https://www.lacentrale.fr/occasion-voiture-modele-renault-avantime.html,3042,38089,7.99%,6.89
https://www.lacentrale.fr/occasion-voiture-modele-mazda-cx_60.html,3037,22974,13.22%,8.68
https://www.lacentrale.fr/fiches-techniques-voiture-ford-fiesta---.html,3027,108076,2.8%,7.24
https://www.lacentrale.fr/occasion-voiture-modele-bmw-xm.html,3021,124307,2.43%,7.18
https://www.lacentrale.fr/voiture-bmw-occasion-moins-5000-euros.html,3017,30125,10.01%,9.7
https://www.lacentrale.fr/voiture-occasion-mg-mg4-mg4.html,3014,27252,11.06%,8.48
https://www.lacentrale.fr/occasion-utilitaire-modele-citroen-berlingo.html,3009,52423,5.74%,8.08
https://www.lacentrale.fr/occasion-voiture-modele-lexus-rc.html,3006,32749,9.18%,7.86
https://www.lacentrale.fr/occasion-voiture-marque-mitsubishi.html,2988,256148,1.17%,7.89
https://www.lacentrale.fr/voiture-occasion-audi-a5-a5 cabriolet.html,2987,41135,7.26%,9.01
https://www.lacentrale.fr/occasion-voiture-modele-seat-tarraco.html,2983,52997,5.63%,6.94
https://www.lacentrale.fr/occasion-moto-modele-bmw-r1200 rt.html,2979,46383,6.42%,6.77
https://www.lacentrale.fr/occasion-voiture-modele-jaguar-s_type.html,2977,32409,9.19%,6.39
https://www.lacentrale.fr/voiture-occasion-volkswagen-taigo-taigo.html,2972,154906,1.92%,7.13
https://www.lacentrale.fr/occasion-moto-modele-yamaha-yzf r125.html,2972,67587,4.4%,7.23
https://www.lacentrale.fr/occasion-moto-modele-kawasaki-z 900.html,2964,60405,4.91%,10.03
https://www.lacentrale.fr/occasion-voiture-modele-smart-fortwo.html,2963,75467,3.93%,9.61
https://www.lacentrale.fr/electrique/conseils/top-10-voitures-essence-occasion-plus-fiables,2956,29125,10.15%,5.86
https://www.lacentrale.fr/voiture-occasion-aston martin-db12-db12.html,2950,42289,6.98%,4.9
https://www.lacentrale.fr/occasion-voiture-modele-kia-xceed.html,2950,38873,7.59%,8.63
https://www.lacentrale.fr/cote-voitures-citroen----.html,2947,896561,0.33%,5.06
https://www.lacentrale.fr/occasion-voiture-modele-lotus-esprit.html,2943,21572,13.64%,5.95
https://www.lacentrale.fr/autoviza.php,2938,51088,5.75%,8.53
"https://www.lacentrale.fr/voiture-occasion-volkswagen-transporter-transporter 
6.html",2937,52926,5.55%,7.82
https://www.lacentrale.fr/occasion-voiture-modele-aston martin-db11.html,2937,38197,7.69%,6.56
https://www.lacentrale.fr/moto-occasion-honda-cbr-cbr 500.html,2930,42185,6.95%,6
https://www.lacentrale.fr/occasion-voiture-modele-alfa romeo-159.html,2927,40194,7.28%,7.06
https://www.lacentrale.fr/occasion-voiture-modele-alfa romeo-junior.html,2919,89738,3.25%,9.99
"https://www.lacentrale.fr/fiche-technique-voiture-bmw-serie 1-(f20) (2) 
140i m performance 5p-2016.html",2919,52016,5.61%,4.88
https://www.lacentrale.fr/voiture-occasion-ferrari-296-296 gtb.html,2918,52205,5.59%,5.4
https://www.lacentrale.fr/occasion-voiture-modele-ford-transit.html,2917,102378,2.85%,12.76
https://www.lacentrale.fr/region/occasion-voiture-ile-de-france/seine-et-marne-77.html,2915,31415,9.28%,8.74
https://www.lacentrale.fr/voiture-occasion-bmw-serie 6-serie 6 f13 m6.html,2913,51231,5.69%,6.14
"https://www.lacentrale.fr/voiture-occasion-chevrolet-corvette-corvette 
z06.html",2910,25212,11.54%,5.2
https://www.lacentrale.fr/voiture-occasion-renault-clio-clio 4 societe.html,2908,64932,4.48%,9.6
https://www.lacentrale.fr/occasion-voiture-modele-porsche-carrera gt.html,2905,53632,5.42%,7.65
https://www.lacentrale.fr/voiture-occasion-porsche-718-718 boxster.html,2905,39213,7.41%,7.19
https://www.lacentrale.fr/occasion-voiture-modele-porsche-912.html,2900,24964,11.62%,8.26
"https://www.lacentrale.fr/voiture-occasion-mercedes-classe e-classe e 5 
amg.html",2888,52727,5.48%,6.71
https://www.lacentrale.fr/occasion-voiture-modele-toyota-rav4.html,2884,220627,1.31%,8.86
https://www.lacentrale.fr/occasion-voiture-modele-mercedes-clk.html,2873,61235,4.69%,6.28
"https://www.lacentrale.fr/occasion-voiture-modele-citroen-c4 
spacetourer.html",2873,49895,5.76%,7.56
https://www.lacentrale.fr/voiture-occasion-volkswagen-golf-golf 2.html,2872,73521,3.91%,6.01
"https://www.lacentrale.fr/voiture-occasion-ford-transit custom-transit 
custom 2 nugget.html",2869,48280,5.94%,16.58
https://www.lacentrale.fr/occasion-voiture-modele-jaguar-xk8.html,2868,23419,12.25%,9.3
https://www.lacentrale.fr/voiture-dacia-occasion-moins-5000-euros.html,2868,21422,13.39%,5.35
"https://www.lacentrale.fr/fiches-techniques-voiture-mercedes-classe 
a---.html",2865,82128,3.49%,8.69
https://www.lacentrale.fr/voiture-occasion-ferrari-488-488 gtb.html,2865,63329,4.52%,6.68
https://www.lacentrale.fr/occasion-voiture-modele-ferrari-portofino.html,2864,34925,8.2%,6.91
https://www.lacentrale.fr/le-rachat-express/conseils/valeur-venale,2853,51281,5.56%,15.47
https://www.lacentrale.fr/voiture-occasion-audi-tt-tt.html,2852,53911,5.29%,7.76
https://www.lacentrale.fr/occasion-voiture-modele-fiat-punto.html,2851,115802,2.46%,6.46
https://www.lacentrale.fr/occasion-voiture-modele-alfa romeo-spider.html,2851,47515,6%,8.75
https://www.lacentrale.fr/moto-occasion-honda-cb hornet-cb hornet 750.html,2850,60899,4.68%,7.27
https://www.lacentrale.fr/voiture-occasion-lexus-nx-nx.html,2848,71816,3.97%,6.36
https://www.lacentrale.fr/voiture-occasion-volvo-xc60-xc60.html,2847,86422,3.29%,7.55
"https://www.lacentrale.fr/voiture-occasion-porsche-cayman-cayman 2 type 
981.html",2842,29062,9.78%,8.04
https://www.lacentrale.fr/conseils/guides-comparatifs/meilleures-voitures-occasion-10000-euros,2837,175613,1.62%,6.63
https://www.lacentrale.fr/voiture-occasion-bmw-z4-z4 g29.html,2837,24246,11.7%,6.84
https://www.lacentrale.fr/voiture-occasion-honda-civic-civic 8.html,2836,42240,6.71%,7.67
https://www.lacentrale.fr/fiches-techniques-voiture-dacia-duster--2024-.html,2834,76249,3.72%,8.47
https://www.lacentrale.fr/voiture-occasion-renault-espace-espace 6.html,2829,43967,6.43%,8.54
"https://www.lacentrale.fr/occasion-voiture-modele-volkswagen-golf 
sportsvan.html",2829,36722,7.7%,5.39
https://www.lacentrale.fr/occasion-voiture-modele-ford-tourneo custom.html,2825,50473,5.6%,11.7
"https://www.lacentrale.fr/voiture-occasion-audi-q5-q5 (2e generation) 
sportback.html",2824,44637,6.33%,6.14
https://www.lacentrale.fr/region/occasion-voiture-ile-de-france/essonne-91.html,2819,31657,8.9%,9.71
"https://www.lacentrale.fr/voiture-occasion-mercedes-classe e-classe e 4 
cabriolet.html",2814,58874,4.78%,6.64
https://www.lacentrale.fr/voiture-occasion-audi-q7-q7.html,2811,121461,2.31%,8.46
https://www.lacentrale.fr/voiture-occasion-fiat-500-500 c.html,2808,77852,3.61%,10.77
https://www.lacentrale.fr/voiture-occasion-break.html,2806,79148,3.55%,9.88
https://www.lacentrale.fr/moto-occasion-bmw-r1200-r1200 ninet.html,2804,34071,8.23%,11.15
"https://www.lacentrale.fr/occasion-voiture-modele-aston martin-v12 
vantage.html",2796,24592,11.37%,7.23
https://www.lacentrale.fr/occasion-moto-modele-yamaha-tenere.html,2790,32210,8.66%,10.94
https://www.lacentrale.fr/fiches-techniques-voiture-bmw-x1---.html,2784,65842,4.23%,6.71
"https://www.lacentrale.fr/voiture-occasion-bmw-serie 5-serie 5 g31 
touring.html",2783,33281,8.36%,5.82
https://www.lacentrale.fr/occasion-voiture-modele-ferrari-mondial.html,2782,27180,10.24%,9.68
https://www.lacentrale.fr/occasion-voiture-modele-fiat-scudo.html,2772,59438,4.66%,8.21
https://www.lacentrale.fr/voiture-occasion-mercedes-cla-cla 2 amg.html,2771,62910,4.4%,7.21
https://www.lacentrale.fr/voiture-occasion-hyundai-tucson-tucson 4.html,2769,114276,2.42%,10.03
https://www.lacentrale.fr/occasion-voiture-modele-volvo-v70.html,2769,31278,8.85%,6
https://www.lacentrale.fr/occasion-voiture-modele-abarth-124.html,2768,25673,10.78%,7.65
"https://www.lacentrale.fr/voiture-occasion-bmw-serie 3-serie 3 e93 
cabriolet.html",2766,50683,5.46%,6.57
https://www.lacentrale.fr/occasion-moto-modele-yamaha-mt_09.html,2757,75707,3.64%,10.47
https://www.lacentrale.fr/fiches-techniques-voiture-citroen-c4---.html,2755,61596,4.47%,8.41
https://www.lacentrale.fr/voiture-occasion-alpine-a110-a110.html,2753,52385,5.26%,7.65
https://www.lacentrale.fr/occasion-voiture-modele-kia-stinger.html,2752,45306,6.07%,10.31
https://www.lacentrale.fr/occasion-moto-modele-yamaha-yzf r7.html,2750,47522,5.79%,7.68
https://www.lacentrale.fr/voiture-occasion-alfa romeo-stelvio-stelvio.html,2749,109863,2.5%,10.55
https://www.lacentrale.fr/voiture-occasion-citroen-c4 cactus-c4 cactus.html,2742,109400,2.51%,6.13
https://www.lacentrale.fr/voiture-occasion-bmw-x1-x1 u11.html,2742,30563,8.97%,6.5
"https://www.lacentrale.fr/voiture-occasion-chevrolet-corvette-corvette 
c4.html",2742,27854,9.84%,4.88
https://www.lacentrale.fr/voiture-occasion-jaguar-f_type-f_type coupe.html,2738,88730,3.09%,7.35
https://www.lacentrale.fr/occasion-voiture-modele-volvo-v90.html,2734,31224,8.76%,6.31
https://www.lacentrale.fr/voiture-occasion-kia-ev3-ev3.html,2731,45233,6.04%,8.09
https://www.lacentrale.fr/voiture-occasion-bmw-serie 6-serie 6 e24.html,2728,39223,6.96%,6.22
https://www.lacentrale.fr/fiches-techniques-voiture-renault-captur---.html,2727,67981,4.01%,7.96
https://www.lacentrale.fr/voiture-occasion-bmw-x5-x5 e70.html,2726,78517,3.47%,7.37
https://www.lacentrale.fr/occasion-voiture-marque-citroen.html,2722,208219,1.31%,9.44
https://www.lacentrale.fr/occasion-voiture-modele-peugeot-boxer.html,2720,89201,3.05%,7.42
https://www.lacentrale.fr/fiches-techniques-voiture-volkswagen-passat---.html,2720,79262,3.43%,7.84
https://www.lacentrale.fr/voiture-occasion-dacia-duster-duster.html,2718,86053,3.16%,9.08
https://www.lacentrale.fr/voiture-occasion-volkswagen-touran-touran.html,2716,123765,2.19%,8.02
https://www.lacentrale.fr/occasion-voiture-modele-alfa romeo-gt.html,2716,30468,8.91%,6.73
"https://www.lacentrale.fr/voiture-occasion-chevrolet-corvette-corvette 
c1.html",2699,33686,8.01%,7.94
https://www.lacentrale.fr/fiches-techniques-voiture-volkswagen-tiguan--2024-.html,2691,160544,1.68%,7.77
https://www.lacentrale.fr/occasion-voiture-modele-austin-mini_moke.html,2691,35531,7.57%,7.86
https://www.lacentrale.fr/occasion-voiture-modele-peugeot-508 rxh.html,2687,33718,7.97%,8.95