Requêtes les plus fréquentes,Clics,Impressions,CTR,Position
la centrale,5298218,5961148,88.88%,1
lacentrale,228793,265022,86.33%,1
la centrale auto,223729,277491,80.63%,1
la centrale des particuliers,163534,200547,81.54%,1
argus gratuit,113969,318555,35.78%,1.02
la central,110554,132228,83.61%,1.11
cote la centrale,101663,118746,85.61%,1
centrale,96525,149083,64.75%,1.67
la centrale argus,96235,118526,81.19%,1.01
la centrale cote,94543,150136,62.97%,1
cote argus,93629,232917,40.2%,1.14
voiture occasion,71048,771359,9.21%,2.3
la centrale occasion,65012,85196,76.31%,1
argus la centrale,55612,70116,79.31%,1.01
la centrale voiture,54740,79032,69.26%,1
la centrale du particulier,53584,70567,75.93%,1
argus,51660,374158,13.81%,3.46
cote argus la centrale,46529,56588,82.22%,1.01
la.centrale,45676,50020,91.32%,1
cote argus gratuite,43237,103131,41.92%,1.02
lacentral,41211,47852,86.12%,1.05
argus voiture,40339,177120,22.77%,1.38
la centrale voiture occasion,32653,42958,76.01%,1
la centrale automobile,31309,41734,75.02%,1
clio 4,29998,382695,7.84%,2.23
la centrale cote argus,27060,37119,72.9%,1
cote argus gratuit,26399,60452,43.67%,1.02
central,23921,44196,54.12%,1.6
clio 3,22856,300658,7.6%,1.94
estimation voiture,21153,98770,21.42%,2.48
cote voiture,20474,50305,40.7%,1.03
le central,18730,33329,56.2%,2.85
centrale des particuliers,18677,23426,79.73%,1.01
la centrale moto,18138,21247,85.37%,1
clio 5,16888,393595,4.29%,3.39
fiche technique,16788,216464,7.76%,1.51
voiture,16093,491336,3.28%,2.59
audi a3,16030,323670,4.95%,5.4
golf 7,15617,198235,7.88%,4.56
peugeot 208,15424,567245,2.72%,6
lacentrale fr,15168,17670,85.84%,1.01
la centrale auto occasion,14694,21063,69.76%,1.01
audi a1,13984,267260,5.23%,4.94
cote centrale,12706,14662,86.66%,1.06
toyota yaris,12169,423891,2.87%,5.53
centrale auto,11886,19213,61.86%,1.17
le centrale,11847,15320,77.33%,1.15
porsche occasion,11798,63250,18.65%,3.04
porsche macan occasion,11490,31521,36.45%,2.19
la centrale des particulier,11488,15902,72.24%,1.01
porsche macan,11262,196462,5.73%,5.15
mercedes classe a,11112,263585,4.22%,4.79
megane 4,10551,133335,7.91%,2.13
suzuki jimny,10461,137073,7.63%,6.87
golf 8,10365,196134,5.28%,3.92
histovec,10306,935338,1.1%,5.84
dodge challenger,10119,112688,8.98%,3.33
la. centrale,10017,11390,87.95%,1
toyota yaris occasion,9716,61129,15.89%,2.33
audi q3,9691,186901,5.19%,5.31
argus moto,9385,15582,60.23%,1.09
la central auto,9201,11394,80.75%,1
fiat 500,9171,348034,2.64%,6.11
centrale voiture,9077,14355,63.23%,1
peugeot 308,8959,327099,2.74%,6.07
golf 6,8956,120810,7.41%,3.75
cote voiture gratuite,8886,24042,36.96%,1
moto occasion,8817,27047,32.6%,1.96
bmw serie 1,8641,246504,3.51%,5.66
hyundai tucson,8629,183513,4.7%,5.42
porsche cayenne occasion,8612,24759,34.78%,2.36
toyota corolla,8588,226157,3.8%,4.21
cote argus gratuit sans inscription,8496,36930,23.01%,1.02
la centrale argus gratuit,8486,18290,46.4%,1
toyota hilux occasion,8484,28141,30.15%,2.45
la centrale.fr,8484,10379,81.74%,1
cote auto,8231,15500,53.1%,1.05
mercedes occasion,8179,120375,6.79%,3.43
porsche 911 occasion,8032,20868,38.49%,2.45
porsche 911,8022,208648,3.84%,5.5
polo 5,7934,94914,8.36%,2.01
golf 7 r,7844,59430,13.2%,3.98
golf 7 gti,7823,51742,15.12%,3.72
clio 4 occasion,7812,50933,15.34%,1.21
la centrale occasions,7776,11121,69.92%,1.02
toyota rav4,7715,172562,4.47%,6.04
audi rs3,7708,118911,6.48%,6.04
porsche cayenne,7659,192288,3.98%,5
ford mustang occasion,7582,23095,32.83%,2.25
bmw occasion,7497,133415,5.62%,3.55
l'argus,7488,160629,4.66%,2.21
la cote la centrale,7487,8739,85.67%,1.02
fiche technique la centrale,7462,8604,86.73%,1
la centrale gratuit,7455,13621,54.73%,1
audi tt occasion,7418,24347,30.47%,2.24
audi s3,7393,67425,10.96%,4.45
ferrari occasion,7284,17967,40.54%,3.05
voiture automatique occasion,7101,52996,13.4%,1.49
voiture d'occasion,7035,77728,9.05%,2.84
cupra formentor,7013,191697,3.66%,4.57
toyota land cruiser occasion,6951,22573,30.79%,2.08
kia sportage,6929,229804,3.02%,5.29
golf 8 gti,6914,54402,12.71%,3.04
dodge charger,6907,76335,9.05%,2.77
toyota gt86,6839,38355,17.83%,4.99
argus auto,6816,33034,20.63%,1.8
audi r8,6795,133345,5.1%,4.87
clio 4 rs,6762,33947,19.92%,1.59
suzuki swift,6759,165977,4.07%,5.4
la centrale : voiture,6715,12726,52.77%,1
nissan gtr,6692,95554,7%,6.13
mazda 3,6689,111343,6.01%,5.23
honda civic,6632,143852,4.61%,4.59
audi occasion,6546,110038,5.95%,4
suzuki jimny occasion,6523,25209,25.88%,2.58
audi a1 occasion,6489,59779,10.85%,2.57
clio 5 occasion,6477,39390,16.44%,1.19
tesla occasion,6444,71187,9.05%,3.62
ford ranger occasion,6408,22109,28.98%,2.05
aston martin occasion,6378,13938,45.76%,3.24
la centrale fiche technique,6336,6990,90.64%,1.06
ford puma occasion,6324,29775,21.24%,2.35
jeep wrangler,6295,107934,5.83%,4.87
cote auto gratuite,6277,13731,45.71%,1.01
audi tt,6177,77713,7.95%,4.34
golf 4,6156,104954,5.87%,3.27
cote moto,6148,9602,64.03%,1.03
voiture occasion france,6128,28196,21.73%,1.18
ds7 occasion,6115,24745,24.71%,1.6
nissan qashqai,6113,218824,2.79%,5.53
toyota hilux,6113,86559,7.06%,4.62
historique voiture gratuit - la centrale,6109,9311,65.61%,1.01
ford mustang,6088,124412,4.89%,5.67
audi s3 occasion,6071,16263,37.33%,2.28
rs3,6020,135372,4.45%,4.96
range rover,5985,265942,2.25%,5.33
achat voiture occasion,5983,62477,9.58%,2.09
peugeot 208 occasion,5956,60069,9.92%,2.02
la centrake,5948,6673,89.14%,1
rs3 occasion,5933,14606,40.62%,1.57
audi a3 occasion,5917,47794,12.38%,2.41
lacentrale.fr,5912,7322,80.74%,1
historique voiture gratuit,5829,45954,12.68%,4.57
golf 8 r,5828,69858,8.34%,4
alfa romeo giulia,5808,84296,6.89%,5.43
occasion voiture,5804,62953,9.22%,2.66
argus gratuit la centrale,5760,11430,50.39%,1
twingo 3,5755,85437,6.74%,2.06
polo 6,5738,70914,8.09%,2.36
utilitaire occasion,5714,62273,9.18%,1.69
208 peugeot,5680,185595,3.06%,4.53
la centrale occasion voiture,5673,7661,74.05%,1
dacia sandero,5666,370972,1.53%,7.06
megane 4 rs,5658,28963,19.54%,1.59
la ce trale,5637,6222,90.6%,1
suzuki swift occasion,5587,23420,23.86%,2.58
argus voiture gratuit,5522,19358,28.53%,1.03
porsche panamera occasion,5498,14498,37.92%,2.14
voiture occasion petit budget,5486,41111,13.34%,1.06
205 gti,5481,58211,9.42%,3.09
audi r8 occasion,5399,11866,45.5%,2.13
audi rs6,5394,168124,3.21%,4.43
bmw x1,5314,166319,3.2%,5.47
toyota yaris cross,5292,179485,2.95%,5.39
fiat 500 occasion,5284,51570,10.25%,2.51
golf 5,5282,94054,5.62%,3.56
golf 7r,5274,43325,12.17%,2.62
tiguan occasion,5254,44588,11.78%,2.03
seat ibiza,5191,140232,3.7%,4.8
la centrale voiture d'occasion,5177,7702,67.22%,1
fiche technique auto,5175,12372,41.83%,1.11
kia sportage occasion,5101,35469,14.38%,2
honda civic type r,5072,57683,8.79%,4.47
alpine a110,5061,124638,4.06%,6.36
porsche panamera,5057,94896,5.33%,5.04
la centrale 06,4976,6612,75.26%,1
ford focus rs,4927,29360,16.78%,2.6
audi q2,4915,101930,4.82%,5.91
cupra formentor occasion,4915,16904,29.08%,2.74
cote voiture gratuit,4903,12723,38.54%,1
land cruiser occasion,4886,13180,37.07%,1.63
aston martin,4838,625555,0.77%,5.14
bmw m3,4827,87366,5.53%,4.32
corvette c5,4804,36152,13.29%,3.51
opel corsa,4763,166037,2.87%,5.61
megane rs,4745,38156,12.44%,3.33
volvo xc40,4738,91176,5.2%,4.61
toyota land cruiser,4733,86027,5.5%,5.6
toyota yaris cross occasion,4712,21696,21.72%,3.16
dacia duster,4711,342611,1.38%,8.51
toyota celica,4711,45713,10.31%,3.94
la centrale 44,4687,6226,75.28%,1.03
peugeot 3008,4674,316919,1.47%,9.15
corvette c7,4664,31050,15.02%,3.44
audi q5,4658,119703,3.89%,4.97
mercedes glc,4656,132183,3.52%,4.96
porsche,4655,669919,0.69%,5.13
toyota chr,4630,159101,2.91%,6.03
toyota occasion,4606,125947,3.66%,4.29
clio 3 rs,4594,25111,18.29%,2.05
peugeot 2008,4579,251591,1.82%,6.93
mini cooper,4577,189563,2.41%,3.83
mazda 3 occasion,4545,19884,22.86%,2.56
audi rs3 occasion,4544,12156,37.38%,2.11
audi a3 sportback,4531,89401,5.07%,7.74
208,4528,175399,2.58%,4.45
rs6,4527,136564,3.31%,3.71
maserati ghibli,4511,41872,10.77%,5.69
dacia duster occasion,4501,46002,9.78%,2.87
toyota chr occasion,4478,20093,22.29%,2.48
range rover occasion,4474,32488,13.77%,2.97
la cote centrale,4454,5162,86.28%,1
la centrale fr,4444,5210,85.3%,1
golf gti,4437,74446,5.96%,4.48
vente voiture occasion,4424,56288,7.86%,2.78
la centrale.,4411,4903,89.97%,1
t roc occasion,4410,38426,11.48%,1.74
maserati occasion,4409,12521,35.21%,4.16
clio 3 occasion,4397,17995,24.43%,1.21
macan occasion,4380,9831,44.55%,1.9
mazda mx5 occasion,4365,16745,26.07%,2.24
audi a4,4335,105606,4.1%,5
bmw x3,4331,128927,3.36%,5.21
jeep wrangler occasion,4330,23000,18.83%,2.69
mercedes classe c,4328,100266,4.32%,4.72
central auto,4317,9407,45.89%,3.46
308,4295,136357,3.15%,4.44
cote la centrale auto,4266,5397,79.04%,1.05
mercedes gla,4255,116652,3.65%,4.76
toyota corolla occasion,4253,25391,16.75%,2.72
estimation voiture gratuite,4250,16289,26.09%,1.11
clio 2,4249,189978,2.24%,3.49
corvette c8,4235,42953,9.86%,2.82
voitures d'occasion,4234,45393,9.33%,3.17
audi a5,4229,84293,5.02%,4.91
cupra occasion,4211,19183,21.95%,3.74
ford fiesta,4209,166768,2.52%,5.21
la cebtrale,4207,4661,90.26%,1
argus auto gratuit,4204,12762,32.94%,1.02
kangoo occasion,4178,36566,11.43%,1.57
308 gti,4164,30971,13.44%,2.68
bmw x5 occasion,4147,19161,21.64%,3.76
skoda kodiaq,4138,94394,4.38%,4.84
citroen c3,4136,268197,1.54%,6.68
bmw e36,4132,48819,8.46%,3.2
golf 6 gti,4118,25816,15.95%,5.49
voiture occasion autour de moi,4115,88603,4.64%,5.25
skoda fabia,4094,132051,3.1%,6.14
volvo xc60,4092,76356,5.36%,4.31
ford puma,4075,188850,2.16%,7.09
nissan 350z,4070,37373,10.89%,4.62
duster occasion,4069,38886,10.46%,1.84
histovec gratuit,4066,66549,6.11%,3.89
pick up occasion,4066,25684,15.83%,2.04
honda nsx,4049,33389,12.13%,4.12
jaguar xf,4041,38771,10.42%,6.28
bmw x5,4036,94263,4.28%,4.9
porsche boxster occasion,4018,11171,35.97%,2.47
tesla model 3,4012,231445,1.73%,7.51
clio williams,4010,31101,12.89%,2.6
ds4 occasion,4000,17036,23.48%,1.37
lamborghini occasion,3999,9012,44.37%,2.9
toyota supra,3995,74357,5.37%,4.73
defender occasion,3983,17592,22.64%,1.94
subaru,3976,118185,3.36%,4.9
l'argus la centrale,3933,5586,70.41%,1
ford ranger,3932,77760,5.06%,5.14
audi q2 occasion,3919,24844,15.77%,3.13
lamborghini urus,3917,126623,3.09%,5.46
4x4 occasion,3915,32220,12.15%,2.18
bentley continental gt,3911,46354,8.44%,4.15
cote auto la centrale,3900,4792,81.39%,1.03
la cnetrale,3871,4390,88.18%,1
toyota rav4 occasion,3869,27394,14.12%,2.84
audi a5 occasion,3847,16714,23.02%,2.76
mini cooper occasion,3804,35470,10.72%,2.22
megane 3 rs,3802,19304,19.7%,2.02
voiture sans permis occasion,3794,45290,8.38%,5.12
peugeot 2008 occasion,3774,35694,10.57%,2.3
la centrale des particuliers auto,3758,5063,74.22%,1
cote voiture occasion,3748,12681,29.56%,1.11
estimer sa voiture,3738,15727,23.77%,1.7
golf 7 occasion,3737,20254,18.45%,1.98
range rover evoque,3732,89721,4.16%,4.81
bmw x1 occasion,3723,31362,11.87%,2.48
bmw m2,3722,51488,7.23%,4.67
mustang,3714,174981,2.12%,6.36
nissan gtr occasion,3698,7682,48.14%,1.86
jaguar f type,3695,36990,9.99%,5.44
honda civic occasion,3671,20153,18.22%,3.82
seat leon,3661,86286,4.24%,4.87
hyundai i20,3653,113152,3.23%,5.48
golf gti occasion,3651,14979,24.37%,2.1
maserati,3639,207083,1.76%,5.08
audi q3 occasion,3628,31908,11.37%,2.87
kia occasion,3620,45179,8.01%,6.06
bmw serie 3,3599,96786,3.72%,6.41
porsche 944,3599,26679,13.49%,4.68
twingo 2,3596,98437,3.65%,2.17
cote argus moto,3592,6342,56.64%,1.06
tiguan,3591,138606,2.59%,5.8
argus gratuit voiture,3581,11511,31.11%,1.03
chevrolet camaro,3578,55535,6.44%,5.02
308 peugeot,3555,153052,2.32%,5.45
bmw x3 occasion,3555,26661,13.33%,2.8
argus moto gratuit,3550,6160,57.63%,1.06
porsche cayman occasion,3546,9280,38.21%,2.38
jaguar occasion,3545,12743,27.82%,3.14
clio v6,3528,22067,15.99%,3.36
voiture pas cher,3526,36401,9.69%,1.79
m3 e46,3522,25703,13.7%,2.39
subaru impreza,3516,43735,8.04%,3.73
seat leon cupra,3510,23315,15.05%,5.44
ford transit custom occasion,3508,15522,22.6%,5.19
peugeot 3008 occasion,3503,33564,10.44%,2.09
mercedes,3483,827851,0.42%,6.23
dacia sandero occasion,3480,37302,9.33%,2.61
la centra,3479,4352,79.94%,2.14
argus centrale,3478,4199,82.83%,1
renault captur,3474,185177,1.88%,7.78
volvo xc90,3472,80799,4.3%,4.33
cupra leon,3472,58853,5.9%,5.13
r5 turbo,3466,45427,7.63%,4
peugeot 308 occasion,3466,32961,10.52%,1.9
bmw x6,3461,70516,4.91%,4.6
porsche cayman,3446,47548,7.25%,4.48
bentley occasion,3445,9450,36.46%,5.01
ford kuga,3441,134547,2.56%,6.41
occasion,3440,74534,4.62%,5.83
peugeot 207,3439,88336,3.89%,4.98
ds3,3438,120542,2.85%,4.59
touareg occasion,3418,11757,29.07%,1.76
audi rs6 occasion,3417,10223,33.42%,2.9
bmw x2,3416,79122,4.32%,4.62
rs6 occasion,3413,7342,46.49%,1.59
dodge ram,3403,54684,6.22%,3.79
renault occasion,3396,169561,2%,5.18
mercedes classe a occasion,3380,29780,11.35%,1.92
toyota gr86,3376,18484,18.26%,4.53
la centrale pro,3350,3962,84.55%,1
twingo,3345,153021,2.19%,5.7
cote vehicule,3322,9404,35.33%,1.03
la centrale particulier,3321,4812,69.01%,1.02
megane 3,3299,91790,3.59%,3.43
ford fiesta occasion,3298,23229,14.2%,2.87
la centrzle,3285,3622,90.7%,1
mehari occasion,3274,11556,28.33%,1.68
c63 amg,3263,51991,6.28%,2.96
fiat 500x,3257,54413,5.99%,4.34
megane rs occasion,3234,8295,38.99%,1.28
t cross occasion,3231,16988,19.02%,1.62
kia stinger,3202,27440,11.67%,5.6
renault trafic occasion,3186,18852,16.9%,4.08
centrale du particulier,3161,4547,69.52%,1
cote argus voiture gratuit,3160,11649,27.13%,1.05
la centrale mon compte,3157,4505,70.08%,1.03
ford focus,3153,120309,2.62%,5.3
lacentrale voiture,3145,4233,74.3%,1.02
toyota yaris gr,3129,34889,8.97%,4.07
nissan qashqai occasion,3112,31203,9.97%,2.41
alfa romeo giulietta,3102,50922,6.09%,5.11
classe a,3094,80119,3.86%,4.49
bmw m4,3091,83952,3.68%,4.44
lexus occasion,3089,32451,9.52%,3.64
la centale,3081,3600,85.58%,1
toyota aygo,3079,118790,2.59%,6.6
nissan juke,3073,115278,2.67%,5.69
lamborghini,3072,435234,0.71%,7.54
seat ateca,3057,67884,4.5%,5.01
yaris gr,3056,38309,7.98%,3.58
audi q3 sportback,3043,51540,5.9%,5.33
alfa romeo giulia quadrifoglio,3037,20967,14.48%,5.58
toyota yaris hybride,3033,97510,3.11%,5.59
3008 occasion,3031,25299,11.98%,1.43
ford transit custom,3029,60466,5.01%,3.88
nissan gtr r35,3016,36872,8.18%,5.58
centrale argus,3015,4766,63.26%,1
bmw x2 occasion,3013,15778,19.1%,2.74
la centrale 49,3012,3831,78.62%,1.04
nissan 370z,3011,24983,12.05%,4.72
skoda octavia,3009,79153,3.8%,4.14
audi q5 occasion,2997,23945,12.52%,3.38
aston martin vantage,2991,43136,6.93%,5.19
renault rafale occasion,2991,7587,39.42%,1.27
seat ibiza occasion,2986,23731,12.58%,2.63
jaguar type e,2980,36564,8.15%,3.13
la cétrale,2979,3302,90.22%,1
golf 7 gti occasion,2976,8213,36.24%,1.3
ferrari purosangue,2974,67440,4.41%,5.08
peugeot 206,2972,97491,3.05%,4.9
ford focus st,2964,20763,14.28%,2.8
centrale occasion,2954,3845,76.83%,1
audi rs4,2940,37806,7.78%,5.7
renault 5 turbo,2939,42741,6.88%,4.97
subaru brz,2932,22153,13.24%,3.82
cupra leon occasion,2929,8447,34.68%,3.36
skoda kamiq,2926,137465,2.13%,7.17
mazda mx 5,2924,50064,5.84%,6.22
audi s5,2923,28812,10.15%,4.91
renault captur occasion,2920,28461,10.26%,2.38
lexus lbx,2915,67681,4.31%,5.09
golf 8r,2908,39489,7.36%,3.39
voiture automatique,2906,36656,7.93%,1.88
mercedes classe g,2903,81622,3.56%,5.1
maserati granturismo,2897,30113,9.62%,5.26
ford explorer,2888,75408,3.83%,4.67
polo occasion,2887,27325,10.57%,2.39
lamborghini gallardo,2878,31006,9.28%,4.95
volvo xc40 occasion,2855,19219,14.86%,3.58
la centrale utilitaire,2851,3549,80.33%,1
ma centrale,2843,3231,87.99%,1
honda civic type r occasion,2840,7767,36.56%,1.97
bmw x6 occasion,2839,11411,24.88%,2.4
cote lacentrale,2836,3319,85.45%,1
yaris cross occasion,2834,10750,26.36%,1.74
corvette c6,2833,26161,10.83%,4.54
skoda fabia occasion,2831,20820,13.6%,3.23
kia rio,2830,77891,3.63%,4.99
twingo occasion,2822,22620,12.48%,1.45
2cv occasion,2822,9403,30.01%,1.55
alpine a310,2817,24791,11.36%,2.97
fiat panda,2810,120664,2.33%,6.58
ds3 occasion,2800,21611,12.96%,1.4
jaguar f type occasion,2792,6392,43.68%,2.36
mx5 occasion,2791,8673,32.18%,1.68
alpine a110 occasion,2788,13797,20.21%,1.68
centrale particulier,2784,3785,73.55%,1.05
suzuki swift sport,2781,19368,14.36%,3.54
ford kuga occasion,2779,22568,12.31%,2.89
polo gti,2777,31226,8.89%,3.35
porsche taycan occasion,2771,6981,39.69%,3.2
rolls royce,2770,162973,1.7%,5.62
bmw i8,2764,59019,4.68%,5.17
nissan 350z occasion,2764,6812,40.58%,1.9
berlingo occasion,2761,22724,12.15%,1.68
bmw z4 occasion,2756,10125,27.22%,2.84
208 gti,2755,25392,10.85%,3.3
bmw e46,2745,42475,6.46%,4.5
hyundai tucson occasion,2744,21335,12.86%,3.07
suv occasion,2742,22856,12%,2.47
golf 7 r occasion,2735,6417,42.62%,1.68
audi a4 occasion,2734,15733,17.38%,3.42
renault austral occasion,2734,13355,20.47%,1.89
la centrale 45,2732,3483,78.44%,1
polo gti occasion,2718,8257,32.92%,1.67
bmw x4 occasion,2712,12641,21.45%,3.12
bmw z4,2708,39109,6.92%,5.42
voiture electrique occasion,2703,21107,12.81%,2.05
bmw m3 occasion,2703,8180,33.04%,3.41
centrale voiture occasion,2702,4252,63.55%,1
gt86,2698,19676,13.71%,4.16
peugeot 5008,2697,148666,1.81%,7.87
opel mokka,2695,104928,2.57%,6.5
audi rs4 occasion,2694,7271,37.05%,2.24
tesla model y,2690,466460,0.58%,9.7
jaguar xf occasion,2684,7418,36.18%,2.62
audi a6,2679,72038,3.72%,4.58
audi s5 occasion,2678,8185,32.72%,2.55
combi volkswagen,2670,33391,8%,3.43
bmw m2 occasion,2668,8447,31.59%,2.42
peugeot 508,2666,109075,2.44%,6.43
suzuki vitara occasion,2666,11696,22.79%,3.4
m3 e92,2661,20651,12.89%,3.24
voiture 7 places occasion,2660,19259,13.81%,2
honda s2000,2657,23232,11.44%,4.92
clio 2 rs,2656,18388,14.44%,1.5
mazda mx5,2650,36962,7.17%,6.62
golf 8 r occasion,2648,5810,45.58%,1.4
la centrale - voiture,2637,4339,60.77%,1
argus la centrale gratuit,2633,3583,73.49%,1
citroen c4,2631,134421,1.96%,6.23
honda crv occasion,2631,9408,27.97%,3.37
ds7,2628,113272,2.32%,5.5
toyota gt86 occasion,2626,7299,35.98%,2.09
la centrale - voiture occasion - annonces auto,2619,3902,67.12%,1
toyota,2616,979531,0.27%,6.9
golf occasion,2609,21249,12.28%,1.98
volvo xc60 occasion,2596,16896,15.36%,4.34
audi q7 occasion,2596,11905,21.81%,3.76
range rover sport,2593,53615,4.84%,4.52
land rover defender,2588,62400,4.15%,4.65
suzuki vitara,2579,73369,3.52%,5.4
audi q7,2564,58495,4.38%,4.91
c5 aircross occasion,2560,19366,13.22%,1.42
rs4 occasion,2555,5533,46.18%,1.61
maserati quattroporte,2554,27480,9.29%,6.21
mustang occasion,2552,13910,18.35%,1.59
l'argus gratuit,2551,11161,22.86%,1.58
mercedes gle,2544,87256,2.92%,5.38
honda crv,2544,45674,5.57%,4.47
audi a7,2541,44825,5.67%,4.86
twingo 1,2537,52378,4.84%,3.27
golf 8 occasion,2527,14324,17.64%,1.67
3008 peugeot,2524,134618,1.87%,7.5
kia sorento,2523,64743,3.9%,5.27
volkswagen occasion,2522,74625,3.38%,5.04
nissan juke occasion,2522,25066,10.06%,2.37
corvette c3,2521,25550,9.87%,4.71
audi a1 sportback,2514,50899,4.94%,6.6
ford focus occasion,2512,16701,15.04%,2.91
citroen c1,2510,56320,4.46%,5.82
c5 aircross,2508,103649,2.42%,5.73
ds4,2497,109974,2.27%,5.05
toyota yaris hybride occasion,2491,19858,12.54%,2.58
hyundai,2486,533899,0.47%,6.56
clio rs occasion,2485,5644,44.03%,1.23
dacia logan,2479,69031,3.59%,5.63
ford explorer occasion,2476,7604,32.56%,3.43
mercedes gle occasion,2472,7989,30.94%,3.13
c3 aircross,2470,118488,2.08%,5.74
mercedes classe e,2469,52265,4.72%,5.12
la centrale 33,2466,3246,75.97%,1.01
cote argus voiture,2465,8644,28.52%,1.06
toyota prius,2462,72225,3.41%,4.93
fiat panda 4x4,2458,30137,8.16%,4.55
porsche 928,2458,19902,12.35%,5.84
jeep renegade,2457,88520,2.78%,6.98
centrale automobile,2457,4686,52.43%,1.93
audi q8,2456,61682,3.98%,4.54
bmw serie 1 occasion,2452,20317,12.07%,2.03
porsche boxster,2451,31557,7.77%,5.76
ford gt,2444,29904,8.17%,3.7
volvo occasion,2436,31078,7.84%,6.81
peugeot rcz,2434,33462,7.27%,4.64
renault trafic,2431,87344,2.78%,6.73
cote gratuite voiture,2427,5544,43.78%,1
aston martin prix,2426,195883,1.24%,3.26
glc coupe occasion,2426,6921,35.05%,1.51
308 gti occasion,2423,5641,42.95%,1.09
clio rs,2419,24642,9.82%,4.96
rapport historique véhicule gratuit,2418,25211,9.59%,4.86
x5 occasion,2414,8815,27.39%,1.31
voiture occasion automatique,2410,18714,12.88%,1.58
ford fiesta st,2409,17754,13.57%,3.95
la centrale voitures occasion,2406,3501,68.72%,1.06
kia picanto,2402,111943,2.15%,5.74
skoda kodiaq occasion,2398,13451,17.83%,4.79
peugeot occasion,2393,83553,2.86%,5.94
combien vaut ma voiture,2383,13327,17.88%,2.45
prix argus voiture,2382,10871,21.91%,1.25
bmw e30,2372,49021,4.84%,3.48
porsche 928 occasion,2369,6055,39.12%,2.09
rsq3,2368,49261,4.81%,5.24
r5 turbo 2,2366,21694,10.91%,2.77
fiche technique voiture,2363,6374,37.07%,1.04
rolls royce occasion,2363,5469,43.21%,3.67
m5 e60,2362,25777,9.16%,3.44
mercedes cla,2360,61024,3.87%,5.12
mercedes gla occasion,2350,19857,11.83%,2.32
touran occasion,2350,13610,17.27%,1.89
land rover defender occasion,2349,10058,23.35%,4.18
golf 8 gti occasion,2347,4861,48.28%,1.22
citroen c3 occasion,2342,23046,10.16%,2.01
lotus elise,2341,29261,8%,6.16
porsche taycan,2339,69444,3.37%,5.58
pajero occasion,2334,7838,29.78%,1.48
clio 4 rs occasion,2333,4839,48.21%,1.11
reprise voiture,2332,47664,4.89%,4.97
208 occasion,2324,20688,11.23%,1.31
hyundai kona,2322,97398,2.38%,6.74
2008 occasion,2319,19303,12.01%,1.37
clio,2315,135110,1.71%,4.98
clio 3 rs occasion,2315,4606,50.26%,1.13
opel mokka occasion,2314,17287,13.39%,3.33
occasion la centrale,2310,2791,82.77%,1
dacia dokker occasion,2309,12837,17.99%,2.86
toyota camry,2306,48616,4.74%,4.75
amarok occasion,2306,7387,31.22%,2.37
ds9 occasion,2305,6432,35.84%,1.15
dacia jogger occasion,2301,16070,14.32%,2.72
audi a7 occasion,2300,8528,26.97%,3.61
voiture occasion la centrale,2300,3417,67.31%,1.07
mazda 2,2299,38574,5.96%,4.19
duster 4x4 occasion,2297,13302,17.27%,1.54
la centeale,2290,2545,89.98%,1
mercedes glc occasion,2289,16767,13.65%,3.38
central voiture,2288,3773,60.64%,1
ac cobra,2287,27778,8.23%,4.41
panamera occasion,2285,5337,42.81%,2.42
alfa romeo,2282,238002,0.96%,5.25
rs4,2282,46120,4.95%,4.04
nissan 370z occasion,2280,5623,40.55%,1.94
t roc,2269,108087,2.1%,6.85
twingo rs,2269,13416,16.91%,2.55
la centrale de l'occasion,2269,3288,69.01%,1.14
205 gti occasion,2268,6713,33.79%,1.25
quad occasion,2267,10969,20.67%,3.04
audi q3 sportback occasion,2264,12966,17.46%,2.49
bmw z3,2263,22196,10.2%,5.82
sq5 occasion,2257,6605,34.17%,1.28
bmw m5,2255,83439,2.7%,5.89
mini countryman,2253,69560,3.24%,4.68
renault clio,2252,149124,1.51%,8.95
audi a6 occasion,2251,11493,19.59%,3.62
la centrale autour de moi,2247,3716,60.47%,1
fiat panda occasion,2245,13787,16.28%,2.6
voitures occasion,2237,25578,8.75%,3.43
la centrle,2235,2551,87.61%,1
volkswagen tiguan,2231,74902,2.98%,5.96
audi,2222,649671,0.34%,6.05
chrysler 300c,2222,25595,8.68%,4.11
volkswagen,2218,1138417,0.19%,7.9
megane 4 rs occasion,2218,4278,51.85%,1.11
la centralz,2216,2487,89.1%,1
2008,2205,84255,2.62%,4.66
renault symbioz occasion,2202,6211,35.45%,1.21
bmw x4,2201,44263,4.97%,4.98
classe g occasion,2200,4658,47.23%,1.47
la centralr,2198,2482,88.56%,1
achat voiture,2196,25952,8.46%,2.11
la cenrale,2191,2528,86.67%,1
golf 5 gti,2188,18852,11.61%,6.96
voiture hybride occasion,2187,17727,12.34%,2.37
bmw m4 occasion,2184,6186,35.31%,2
nissan navara occasion,2183,11048,19.76%,2.15
mclaren occasion,2180,4962,43.93%,4.8
mini occasion,2173,28640,7.59%,4.29
clio occasion,2173,18136,11.98%,1.45
ferrari testarossa,2172,23931,9.08%,4.55
la.central,2168,2577,84.13%,1.08
fiat tipo,2159,90703,2.38%,6.54
renault talisman occasion,2159,9302,23.21%,3.16
la central argus,2157,3026,71.28%,1
camaro,2153,75217,2.86%,4.83
audi s1,2151,22698,9.48%,6.4
m3 f80,2149,20850,10.31%,2.38
opel corsa occasion,2146,22342,9.61%,2.94
jeep avenger,2133,136526,1.56%,8.86
c4 picasso,2128,66270,3.21%,1.63
cadillac escalade,2127,46010,4.62%,4.71
ferrari,2106,228286,0.92%,8.32
estimer ma voiture,2105,9641,21.83%,2.01
seat ateca occasion,2099,15083,13.92%,3.6
polo volkswagen,2091,62923,3.32%,5.53
volvo v40,2091,32689,6.4%,5
hyundai i30,2088,46823,4.46%,4.64
m3 occasion,2086,4384,47.58%,1.83
lamborghini huracan,2084,65347,3.19%,5.39
yaris gr occasion,2084,4618,45.13%,1.46
peugeot expert,2082,74218,2.81%,7.56
range rover evoque occasion,2082,15154,13.74%,3.41
porsche 997 occasion,2080,4839,42.98%,1.95
megane 3 rs occasion,2079,4109,50.6%,1.09
dodge viper,2077,34097,6.09%,3.65
dacia occasion,2073,45858,4.52%,3.59
bentley continental gt occasion,2072,4540,45.64%,2.3
la centrale voitures,2071,3024,68.49%,1.03
aston martin db9,2057,18026,11.41%,6.57
porsche 356,2049,18798,10.9%,5.51
mercedes classe e occasion,2048,9836,20.82%,1.69
honda nsx occasion,2048,5428,37.73%,2.28
golf 6 occasion,2046,10425,19.63%,1.98
dacia sandero stepway occasion,2041,15332,13.31%,2.52
seat leon occasion,2040,15085,13.52%,2.95
lamborghini aventador,2038,75658,2.69%,5.66
toyota auris,2037,67707,3.01%,5.08
rsq3 occasion,2035,4653,43.74%,1.54
classe g,2034,85883,2.37%,4.69
corvette,2027,85459,2.37%,5.93
toyota proace,2027,44634,4.54%,5.7
renault arkana,2023,115638,1.75%,6.59
kia ceed,2023,52581,3.85%,4.42
toyota aygo occasion,2023,15412,13.13%,3.18
alfa romeo stelvio,2021,46688,4.33%,5.54
audi q8 occasion,2021,6361,31.77%,6.09
golf 7 gtd,2020,26775,7.54%,4.91
hyundai i20 occasion,2019,13319,15.16%,3.99
alpine occasion,2019,9690,20.84%,1.44
voiture sans permis,2018,140724,1.43%,10.16
la centrale 37,2016,2598,77.6%,1
skoda kamiq occasion,2013,14363,14.02%,4.27
audi tt rs occasion,2008,5584,35.96%,1.87
audi s4,2004,20256,9.89%,5.17
gle occasion,2002,4998,40.06%,1.99
nissan patrol,2001,33201,6.03%,4.68
yaris cross,2000,98044,2.04%,5.69
tiguan r,1998,17601,11.35%,3.11
bmw m3 e46,1997,13426,14.87%,3.79
megane 4 occasion,1996,13068,15.27%,1.28
bmw la centrale,1994,2355,84.67%,1
mclaren,1991,141279,1.41%,5.65
renault 4l occasion,1987,8323,23.87%,1.62
tesla model y occasion,1986,12367,16.06%,2.77
fiat 500 abarth,1984,31594,6.28%,4.84
bmw serie 2,1980,49610,3.99%,4.92
la entrale,1980,2273,87.11%,1
ford bronco,1979,34699,5.7%,4.6
peugeot partner occasion,1978,16537,11.96%,2.8
m3 e36,1977,17898,11.05%,2.81
tesla model 3 occasion,1977,16685,11.85%,4.35
cupra terramar,1973,91150,2.16%,7.5
range rover velar occasion,1973,5632,35.03%,4.7
la centrale 91,1973,2885,68.39%,1.05
voiture occasion pas cher,1961,26398,7.43%,3.07
bmw m5 e60,1961,17947,10.93%,4.62
fiat 500 x,1955,29574,6.61%,3.94
peugeot rifter occasion,1955,11170,17.5%,2.52
voiture boite automatique occasion,1952,18444,10.58%,1.79
range rover sport occasion,1947,10619,18.34%,4
yaris occasion,1943,10408,18.67%,2.01
opel astra,1942,85319,2.28%,5.58
jeep,1939,250569,0.77%,6.82
la ventrale,1939,2177,89.07%,1
porsche gt3 rs,1931,90088,2.14%,4.47
voiture a vendre,1928,21829,8.83%,3.96
q3 occasion,1927,13949,13.81%,1.71
estimation prix voiture,1921,10018,19.18%,2.66
toyota supra occasion,1919,5035,38.11%,4.07
seat arona,1915,80402,2.38%,5.82
ferrari f430,1915,17378,11.02%,6.8
historique voiture,1913,45098,4.24%,8.02
golf 4 r32,1913,16790,11.39%,3.88
lexus,1912,257694,0.74%,5.41
c3,1908,180222,1.06%,5.87
ford raptor occasion,1903,7885,24.13%,2.93
skoda occasion,1899,31785,5.97%,4.69
golf 4 occasion,1898,7218,26.3%,1.91
volvo,1897,249132,0.76%,7.14
lada niva occasion,1892,9558,19.79%,3.17
jimny occasion,1892,6235,30.34%,1.89
alfa romeo mito,1890,27788,6.8%,5.84
toyota corolla hybride occasion,1889,9057,20.86%,2.33
mini countryman occasion,1886,17925,10.52%,3.68
voiture automatique pas cher,1885,13886,13.57%,1.83
m2 competition,1883,21138,8.91%,2.17
voiture électrique occasion,1879,14316,13.13%,1.91
renault talisman,1877,41787,4.49%,5.09
alfa romeo giulia occasion,1871,8969,20.86%,2.71
nissan navara,1869,26961,6.93%,4.77
corvette occasion,1868,4038,46.26%,2.53
lacentrale cote,1868,2469,75.66%,1
ds3 crossback,1867,50164,3.72%,4.99
maserati granturismo occasion,1863,4928,37.8%,2.32
clio v6 occasion,1863,3922,47.5%,1.13
range rover velar,1859,52396,3.55%,5.26
auto occasion,1859,25470,7.3%,5.79
a45 amg,1858,24628,7.54%,2.67
kia stonic occasion,1855,11766,15.77%,3.02
renault 5 occasion,1855,5383,34.46%,1.58
peugeot expert occasion,1853,16943,10.94%,2.08
glc mercedes,1852,58099,3.19%,4.6
mitsubishi l200,1852,26270,7.05%,4.87
kia sorento occasion,1849,9336,19.81%,4.56
toyota corolla hybride,1848,59291,3.12%,5.93
la centrale 77,1848,2612,70.75%,1
renault clio 4,1847,25475,7.25%,5.37
maserati levante,1844,26784,6.88%,5.75
rsq8,1842,59983,3.07%,4.03
vente voiture,1839,31268,5.88%,2.83
golf 6 r,1839,11095,16.58%,5.21
206 rc,1834,15656,11.71%,3.39
lamborghini urus occasion,1834,3679,49.85%,2.86
mg occasion,1833,12622,14.52%,3.74
skoda karoq,1831,55138,3.32%,6.58
bmw z8,1827,13764,13.27%,6.6
kia ceed occasion,1823,10894,16.73%,3.14
peugeot rifter,1820,51680,3.52%,7.68
clio williams occasion,1819,3853,47.21%,1.25
maserati ghibli occasion,1818,5425,33.51%,3.35
toyota tundra,1815,13632,13.31%,3.53
q2 occasion,1815,10495,17.29%,1.73
lecentrale,1815,2188,82.95%,1
la centrale moto occasion,1814,2173,83.48%,1.01
cupra terramar occasion,1808,3734,48.42%,1.57
classe a occasion,1803,13025,13.84%,1.46
bmw z3 occasion,1801,5465,32.96%,3.84
porsche 996,1799,14232,12.64%,5.58
audi rs5,1797,25788,6.97%,6.22
ferrari california,1797,19976,9%,5.14
kia niro,1796,81872,2.19%,5.52
q3 sportback,1796,34034,5.28%,4.73
kia picanto occasion,1795,14474,12.4%,3.54
350z,1791,18964,9.44%,4.15
la ce.trale,1791,1943,92.18%,1
c15 occasion,1790,10458,17.12%,2.37
toyota corolla cross,1788,21674,8.25%,4.57
skoda karoq occasion,1788,11648,15.35%,4.58
xc40 occasion,1786,5004,35.69%,1.87
porsche 964,1784,13118,13.6%,3.86
ds5 occasion,1784,8282,21.54%,1.28
glc occasion,1782,11263,15.82%,1.74
la centrale mercedes,1782,2605,68.41%,1.01
maserati quattroporte occasion,1781,4666,38.17%,2.65
megane 4 gt,1776,16254,10.93%,2.17
scirocco occasion,1776,5964,29.78%,1.51
porsche 944 occasion,1776,5248,33.84%,2.68
voiture 7 places,1772,43914,4.04%,5.58
volvo v60,1772,28238,6.28%,5.21
rs3 prix,1772,24959,7.1%,1.96
toyota tacoma,1770,14290,12.39%,3.68
207 peugeot,1769,45847,3.86%,3.72
alfa romeo 4c,1768,14629,12.09%,8.3
bmw,1765,385624,0.46%,9.89
renault megane 4,1765,24927,7.08%,4.13
toyota yaris gr occasion,1764,4070,43.34%,1.7
dacia sandero stepway,1762,96424,1.83%,7.55
5008 occasion,1760,15898,11.07%,1.36
mercedes classe s occasion,1759,5304,33.16%,1.71
mercedes classe g occasion,1752,4911,35.68%,1.66
porsche 997,1751,12169,14.39%,6.55
jeep avenger occasion,1751,7224,24.24%,1.9
volkswagen polo,1750,54888,3.19%,5.58
scenic 4,1750,26565,6.59%,2.29
audi tt rs,1748,20842,8.39%,6.88
dodge,1746,87706,1.99%,6.31
chevrolet suburban,1746,16721,10.44%,3.94
mercedes vito occasion,1744,10618,16.42%,3.82
porsche 993,1743,12129,14.37%,6.42
renault kangoo occasion,1741,15330,11.36%,2.96
s3 occasion,1737,3630,47.85%,1.46
citroen ami occasion,1736,7198,24.12%,1.7
golf r32,1732,16127,10.74%,3.53
nissan micra,1731,75434,2.29%,6.57
2008 peugeot,1727,103377,1.67%,7
renault rafale,1725,135160,1.28%,10.13
cote centrale auto,1725,2528,68.24%,1.04
largus,1722,41613,4.14%,2.55
peugeot,1719,868720,0.2%,7.96
kia rio occasion,1719,13127,13.1%,2.97
m4 occasion,1715,3305,51.89%,1.54
byd occasion,1712,7859,21.78%,1.95
308 occasion,1708,14709,11.61%,1.47
acheter une voiture,1704,20094,8.48%,3.08
jeep renegade occasion,1704,15009,11.35%,3.06
bmw serie 4,1703,33315,5.11%,5.6
mercedes classe b,1702,50460,3.37%,4.94
clio 2 occasion,1700,4834,35.17%,1.27
le central voiture,1698,2653,64%,1
toyota highlander,1695,33031,5.13%,5.2
citroen ami,1691,186246,0.91%,6.13
dacia spring occasion,1689,9643,17.52%,2.83
ford custom occasion,1689,6708,25.18%,1.65
opel grandland,1688,67916,2.49%,6.28
370z occasion,1686,3825,44.08%,1.32
utilitaire,1685,38549,4.37%,2.28
autoviza,1683,31695,5.31%,3.61
cote argus immatriculation,1681,9651,17.42%,1.75
audi sq5 occasion,1677,6541,25.64%,3.33
m5 f90,1676,18951,8.84%,2.95
audi s4 occasion,1676,6013,27.87%,2.84
q5 occasion,1675,12047,13.9%,1.68
koleos occasion,1675,8495,19.72%,1.28
audi rs7,1672,52976,3.16%,5.88
renault austral,1671,140478,1.19%,9.91
centrale des particuliers auto,1668,2450,68.08%,1
hyundai occasion,1667,28701,5.81%,5.25
centrale cote,1664,2245,74.12%,1.2
ferrari roma,1663,31579,5.27%,5.32
fiche technique voiture plaque,1663,4058,40.98%,1.15
la centr,1663,2146,77.49%,1.02
q7 occasion,1659,5506,30.13%,1.79
alfa romeo junior,1658,89394,1.85%,7.92
peugeot 108,1656,52036,3.18%,6.36
3008,1650,119476,1.38%,7.6
audi a3 la centrale,1650,1920,85.94%,1.11
megane 2 rs,1648,9923,16.61%,2.07
206 peugeot,1644,45088,3.65%,3.96
toyota gr86 occasion,1644,3477,47.28%,1.47
utilitaire moins de 5000 euros,1640,5263,31.16%,1.06
208 gti occasion,1634,3953,41.34%,1.14
la centrale cote auto,1634,2056,79.47%,1.21
audi a8 occasion,1632,6574,24.83%,5.09
la centrale estimation voiture,1630,5123,31.82%,1.04
taycan occasion,1630,3383,48.18%,1.89
citroen berlingo occasion,1629,15843,10.28%,2.39
la cote argus,1629,4295,37.93%,1.03
polo,1628,165325,0.98%,5.78
bmw serie 5,1628,53858,3.02%,6.32
central des particuliers,1627,2184,74.5%,1
citroen jumpy,1626,32927,4.94%,8.35
jeep grand cherokee,1625,32357,5.02%,4.97
mt07 occasion,1623,3800,42.71%,1.61
la czntrale,1622,1773,91.48%,1
ford f150,1621,24511,6.61%,4.88
cote voiture la centrale,1621,3243,49.98%,1.06
5008,1620,74957,2.16%,4.98
scooter occasion,1620,9090,17.82%,3.16
porsche 991 occasion,1619,3399,47.63%,2.15
cupra,1614,255908,0.63%,7.4
talisman occasion,1613,5452,29.59%,1.21
350z occasion,1613,3509,45.97%,1.32
ford occasion,1609,36039,4.46%,5.7
mercedes classe s,1608,32661,4.92%,6.14
acheter voiture occasion,1607,17598,9.13%,2.27
mercedes amg,1606,71857,2.23%,5.75
porsche 924,1603,21251,7.54%,5.01
2 cv occasion,1598,4474,35.72%,1.55
chevrolet,1597,94955,1.68%,6.12
golf r occasion,1597,4037,39.56%,2.03
la centrale ile de france,1597,1876,85.13%,1.03
jeep occasion,1595,18682,8.54%,4.26
peugeot 5008 occasion,1591,16581,9.6%,2.34
peugeot partner,1590,71527,2.22%,7.04
m3,1589,63917,2.49%,4.59
c3 aircross occasion,1588,13449,11.81%,1.44
land cruiser,1587,38571,4.11%,5.31
x6 occasion,1586,5093,31.14%,1.32
golf r,1585,25186,6.29%,5.01
c3 occasion,1585,14088,11.25%,1.64
fiat 500x occasion,1582,9533,16.59%,3.31
mitsubishi outlander,1578,36980,4.27%,5.85
ferrari 458,1578,19566,8.07%,6.67
audi sq5,1577,20430,7.72%,6.68
z4 occasion,1577,5032,31.34%,1.69
mclaren 720s,1575,41159,3.83%,5.53
mercedes sls,1575,17596,8.95%,4.21
peugeot 207 occasion,1575,10826,14.55%,2.34
ford focus rs occasion,1575,4411,35.71%,2.19
ford bronco occasion,1575,3916,40.22%,3.15
mx5,1569,32154,4.88%,5.51
jaguar f pace,1569,23444,6.69%,6.9
la centrale autos,1568,2162,72.53%,1
subaru forester,1566,20206,7.75%,4.17
207,1565,92323,1.7%,4.29
bmw serie 5 occasion,1565,5988,26.14%,2.29
clio 5 la centrale,1563,1814,86.16%,1
toyota corolla touring sport,1560,20840,7.49%,2.54
mazda cx 5,1558,35111,4.44%,6.34
lacentrake,1555,1809,85.96%,1
cote la central,1553,1910,81.31%,1.15
mercedes vito,1551,45685,3.39%,6.84
peugeot 108 occasion,1547,10122,15.28%,2.88
urus,1546,92600,1.67%,5.48
kia stonic,1543,77129,2%,7.47
la centrale montpellier,1538,2222,69.22%,1.09
bmw serie 3 g20,1537,5974,25.73%,2.4
polo 4,1536,44748,3.43%,2.9
volvo xc90 occasion,1536,10189,15.08%,4.84
seat leon cupra occasion,1536,3582,42.88%,2.73
pick up,1535,69546,2.21%,6.64
toyota gt 86,1533,8828,17.37%,4.11
corvette c7 occasion,1532,3400,45.06%,1.84
nissan patrol occasion,1531,5574,27.47%,2.68
subaru impreza occasion,1530,4986,30.69%,3.31
maserati levante occasion,1530,3968,38.56%,3.19
rs5 occasion,1530,3369,45.41%,1.98
q3 sportback occasion,1525,7676,19.87%,1.48
l argus,1523,36452,4.18%,2.32
t roc r,1523,12221,12.46%,3.71
370z,1521,14131,10.76%,4.35
la cote,1520,7468,20.35%,4.75
q3,1518,51425,2.95%,4.88
x4 occasion,1518,5320,28.53%,1.31
ferrari purosangue occasion,1517,2683,56.54%,1.32
mini cooper s,1516,29891,5.07%,6.46
fiat panda 4x4 occasion,1516,7226,20.98%,2.54
porsche 996 occasion,1515,4199,36.08%,2.36
partner occasion,1510,12351,12.23%,1.41
argus gratuit - la centrale,1509,3312,45.56%,1
subaru occasion,1506,8447,17.83%,4.91
golf 5 occasion,1506,6665,22.6%,2.1
vito occasion,1506,6610,22.78%,1.62
peugeot 508 occasion,1505,12333,12.2%,2.3
la centrae,1505,1744,86.3%,1
la centrale voiture ancienne,1498,2854,52.49%,1.04
voiture mg,1497,77785,1.92%,5.1
bmw serie 3 occasion,1496,8940,16.73%,2.47
porsche la centrale,1496,1732,86.37%,1.18
seat arona occasion,1495,12597,11.87%,3.6
classe a mercedes,1494,37338,4%,4.73
golf,1490,137269,1.09%,8.23
cote la centrale gratuit,1490,1888,78.92%,1
tmax occasion,1489,3485,42.73%,1.68
caterham occasion,1488,4859,30.62%,2.17
opel adam,1487,30362,4.9%,4.49
ford fiesta st occasion,1486,4400,33.77%,2.71
honda occasion,1482,16713,8.87%,4.26
caracteristique vehicule,1482,4168,35.56%,1.01
cayenne occasion,1482,2969,49.92%,1.63
mazda occasion,1479,17809,8.3%,4.9
ds3 crossback occasion,1479,12543,11.79%,1.46
lada niva,1474,41773,3.53%,7.34
fiat 600,1473,102284,1.44%,7.13
ferrari ff,1472,14689,10.02%,8.45
toyota rav 4 occasion,1472,7790,18.9%,2.65
ferrari 308 gts,1472,7191,20.47%,5.05
rav4 occasion,1471,10367,14.19%,2.4
mercedes glc coupe,1470,18835,7.8%,8.19
mitsubishi pajero,1469,22609,6.5%,3.63
m5 e39,1469,15971,9.2%,3.17
chevrolet camaro occasion,1467,3725,39.38%,3.11
honda accord,1466,27783,5.28%,4.64
ferrari 458 italia,1466,15682,9.35%,7.64
mitsubishi pajero occasion,1465,4849,30.21%,3.19
moto,1464,363290,0.4%,8.08
jeep compass,1464,59364,2.47%,6.94
tucson occasion,1464,10620,13.79%,1.63
mazda 2 occasion,1463,8151,17.95%,5.21
kadjar occasion,1462,13710,10.66%,1.46
volvo v60 occasion,1462,7586,19.27%,3.83
audi a5 sportback,1461,21651,6.75%,6.27
harley davidson occasion,1457,8740,16.67%,3.57
dodge charger occasion,1457,3903,37.33%,2.59
bmw i8 occasion,1454,4000,36.35%,4.43
vehicules occasion,1451,21128,6.87%,3.38
toyota auris occasion,1448,8777,16.5%,3.17
toyota prius occasion,1448,7786,18.6%,3.61
estimation voiture gratuit,1448,5282,27.41%,1.02
mehari,1446,48173,3%,4.16
megane 5,1444,29385,4.91%,3.73